Nama pembeli,Tanggal pembelian,Review,Column 4,Rating,Sentimen
,2023-11-30 03:28 | Variasi: 1 Bulan,"So far cs fast respond, selalu ganti2 akun tapi its okay, mungkin karena demand nya tinggi. Yang penting selalu dibalas tiap perlu hehe, semangat admin 0:055","n*****72023-11-30 03:28 | Variasi: 1 BulanSo far cs fast respond, selalu ganti2 akun tapi its okay, mungkin karena demand nya tinggi. Yang penting selalu dibalas tiap perlu hehe, semangat admin 0:0553Laporkan Penyalahgunaan",5,Positif
pejuang_27,2024-08-17 15:03 | Variasi: 1 Bulan,Barang aslim original. Tidak tipu tipu. Cara menggunakan nya mudah tidak ribet. Lain daring lain. Barang diterima dengan baik dan sempurna cepat dan berkualitas tinggi sesuai dengan ekspektasi dan harganya murah 0:0,pejuang_272024-08-17 15:03 | Variasi: 1 BulanBarang aslim original. Tidak tipu tipu. Cara menggunakan nya mudah tidak ribet. Lain daring lain. Barang diterima dengan baik dan sempurna cepat dan berkualitas tinggi sesuai dengan ekspektasi dan harganya murah 0:04Membantu?Laporkan Penyalahgunaan,5,Positif
paoir,2024-09-09 08:48 | Variasi: 3 Bulan,"Fungsi: mencari infoDesain: okPenggunaan: oksesuai dengan deskripsi toko. garansi oke. pemakaian mudah, pesan langsung dapat digunakan. best 0:07","paoir2024-09-09 08:48 | Variasi: 3 BulanFungsi: mencari infoDesain: okPenggunaan: oksesuai dengan deskripsi toko. garansi oke. pemakaian mudah, pesan langsung dapat digunakan. best 0:071Laporkan Penyalahgunaan",5,Positif
,2024-09-04 03:58 | Variasi: 1 Bulan,Fungsi: membantu meringkas pekerjaanDesain: keren dan mudahPenggunaan: sangat membantuTerbaik!! Tak pernah kecewa sama seller..udah berkali-kali order di sini dan selalu fast respond ğŸ«¶ğŸ»ğŸ‘ğŸ»ğŸ‘ğŸ»ğŸ‘ğŸ»ğŸ‘ğŸ» 0:0,k*****m2024-09-04 03:58 | Variasi: 1 BulanFungsi: membantu meringkas pekerjaanDesain: keren dan mudahPenggunaan: sangat membantuTerbaik!! Tak pernah kecewa sama seller..udah berkali-kali order di sini dan selalu fast respond ğŸ«¶ğŸ»ğŸ‘ğŸ»ğŸ‘ğŸ»ğŸ‘ğŸ»ğŸ‘ğŸ» 0:04Membantu?Laporkan Penyalahgunaan,5,Positif
,2023-06-10 14:50 | Variasi: 1 Bulan,"Fitur Terbaik: ramah amanah membantuSepadan dengan Harga: lumayan lah ini akun shared jadi lumayan banyak yang make jadi kadang tarik menarik kalo pas kebetulan yang make gk satu.Pengiriman cepat, seller ramah ,amanah dan membantu juga sesuai deskripsi, thanks seller semoga berkah ğŸ™‚ğŸ™","u*****e2023-06-10 14:50 | Variasi: 1 BulanFitur Terbaik: ramah amanah membantuSepadan dengan Harga: lumayan lah ini akun shared jadi lumayan banyak yang make jadi kadang tarik menarik kalo pas kebetulan yang make gk satu.Pengiriman cepat, seller ramah ,amanah dan membantu juga sesuai deskripsi, thanks seller semoga berkah ğŸ™‚ğŸ™7Laporkan Penyalahgunaan",5,Positif
,2023-06-12 16:21 | Variasi: 1 Bulan,Fitur Terbaik: fitur sharing jadi mohon bersabar tapi kualitas bagusKenapa aku selalu beli pro? Bedanya banyak bgt lebih cepet. Dan kalau jelasin lebih nyambung. Bisa belajar lewat chat gpt ini. Untuk chat gpt 4 keren fiturnya I love it. Even if it was only 25 chat in 3 hours yg mana sangat kuranggg22,n*****a2023-06-12 16:21 | Variasi: 1 BulanFitur Terbaik: fitur sharing jadi mohon bersabar tapi kualitas bagusKenapa aku selalu beli pro? Bedanya banyak bgt lebih cepet. Dan kalau jelasin lebih nyambung. Bisa belajar lewat chat gpt ini. Untuk chat gpt 4 keren fiturnya I love it. Even if it was only 25 chat in 3 hours yg mana sangat kuranggg228Laporkan Penyalahgunaan,5,Positif
edpra98,2023-05-13 05:53 | Variasi: 3 Bulan,"Fitur Terbaik: respon yang cepat untuk chatgptnyaSepadan dengan Harga: harga dan fitur sama-sama bagusYang mau order, jangan ragu...  Admin respon cepet, dan akun yang di kasih 100% bisa di gunanya.  Yang mau order jangan ragu lagi, langsung pesan.","edpra982023-05-13 05:53 | Variasi: 3 BulanFitur Terbaik: respon yang cepat untuk chatgptnyaSepadan dengan Harga: harga dan fitur sama-sama bagusYang mau order, jangan ragu...  Admin respon cepet, dan akun yang di kasih 100% bisa di gunanya.  Yang mau order jangan ragu lagi, langsung pesan.3Laporkan Penyalahgunaan",5,Positif
,2023-07-13 15:23 | Variasi: 1 Bulan,"Sepadan dengan Harga: sangat murahFitur Terbaik: harga sangat murahTerimakasih, mohon maaf baru bisa review karena baru saya pasang, akun sudah aktif dan terbaik dapat akun premium.","z*****y2023-07-13 15:23 | Variasi: 1 BulanSepadan dengan Harga: sangat murahFitur Terbaik: harga sangat murahTerimakasih, mohon maaf baru bisa review karena baru saya pasang, akun sudah aktif dan terbaik dapat akun premium.4Laporkan Penyalahgunaan",5,Positif
,2023-07-22 06:19 | Variasi: 3 Bulan,"Sepadan dengan Harga: manfaatnya jauh diatas hargaFitur Terbaik: interaktif, informatik & cantikAplikasi PC yg sangat membantu memenuhi kebutuhan berbagai informasi. Seller gercep, ramah dan tuntas dlm melayani konsumen. RECOMENDED!3","a*****n2023-07-22 06:19 | Variasi: 3 BulanSepadan dengan Harga: manfaatnya jauh diatas hargaFitur Terbaik: interaktif, informatik & cantikAplikasi PC yg sangat membantu memenuhi kebutuhan berbagai informasi. Seller gercep, ramah dan tuntas dlm melayani konsumen. RECOMENDED!38Laporkan Penyalahgunaan",5,Positif
aibrainbox,2023-05-12 07:06 | Variasi: 1 Bulan,"Sepadan dengan Harga: sangat reliable, worthed dan murahFitur Terbaik: gpt 4 dengan after sales yang TOPfast respon chat, setiap ada trouble terselesaikan dengan cepat Ana In Syaa Allah langganan permanen","aibrainbox2023-05-12 07:06 | Variasi: 1 BulanSepadan dengan Harga: sangat reliable, worthed dan murahFitur Terbaik: gpt 4 dengan after sales yang TOPfast respon chat, setiap ada trouble terselesaikan dengan cepat Ana In Syaa Allah langganan permanen3Laporkan Penyalahgunaan",5,Positif
vimitel_88,2023-06-03 19:28 | Variasi: Lifetime,Sepadan dengan Harga: Fitur chat gpt 4 dan adminnya sangat responsif dan ramahFitur Terbaik: Chat gpt 4 jawabanya masuk akal dan lebih kerenKekuranganya karna akun sharing ada batas chatnya tapi gak masalah sih2,vimitel_882023-06-03 19:28 | Variasi: LifetimeSepadan dengan Harga: Fitur chat gpt 4 dan adminnya sangat responsif dan ramahFitur Terbaik: Chat gpt 4 jawabanya masuk akal dan lebih kerenKekuranganya karna akun sharing ada batas chatnya tapi gak masalah sih23Laporkan Penyalahgunaan,5,Positif
mc_2502,2024-08-24 14:36 | Variasi: 1 Bulan,Fungsi: baikDesain: modernPenggunaan: sangat membantuTerma kasih! Pelayanan bagus dan kualitas bagus. Next time saya akan repeat order. Terima kasih juga kepada ekspedisi dan kurir yang telah antar paket saya..,mc_25022024-08-24 14:36 | Variasi: 1 BulanFungsi: baikDesain: modernPenggunaan: sangat membantuTerma kasih! Pelayanan bagus dan kualitas bagus. Next time saya akan repeat order. Terima kasih juga kepada ekspedisi dan kurir yang telah antar paket saya..Membantu?Laporkan Penyalahgunaan,5,Positif
sellav01,2024-06-02 22:18 | Variasi: 1 Bulan,"Fungsi: bagusDesain: bagusPenggunaan: bagusso far bagus seller jg bisa di ajak komunikasi meskipun ada sempat miss aplikasi, udah sering beli l0kl0k disini ini jg ch4tgpt beli ke 2x trusted","sellav012024-06-02 22:18 | Variasi: 1 BulanFungsi: bagusDesain: bagusPenggunaan: bagusso far bagus seller jg bisa di ajak komunikasi meskipun ada sempat miss aplikasi, udah sering beli l0kl0k disini ini jg ch4tgpt beli ke 2x trustedMembantu?Laporkan Penyalahgunaan",5,Positif
whysclouvly,2024-09-19 07:11 | Variasi: 1 Bulan,"Fungsi: goodDesain: goodPenggunaan: good""hahaha, i think the same too, but my mom is too old to take to the concert with.""  Tap on a clip to paste it in the text box.Welcome to Gboard clipboard, any text you copy will be saved here.Touch and hold a clip to pin it. Unpinned clips will be deleted after 1 hour.Use the edit icon to pin, add or delete clips.","whysclouvly2024-09-19 07:11 | Variasi: 1 BulanFungsi: goodDesain: goodPenggunaan: good""hahaha, i think the same too, but my mom is too old to take to the concert with.""  Tap on a clip to paste it in the text box.Welcome to Gboard clipboard, any text you copy will be saved here.Touch and hold a clip to pin it. Unpinned clips will be deleted after 1 hour.Use the edit icon to pin, add or delete clips.1Laporkan Penyalahgunaan",5,Positif
chanraharjo,2023-05-08 22:15 | Variasi: 1 Bulan,"Sangat rekomendasi sekali baik dari segi pelayanan penjualan,  staff yg ramah dan sangat membantu di dalam setiap pertanyaan. Bahkan saya diinfo untuk kepastian yang sudah saya beli apakah benar. Tolo lain pasti tidak peduli yg penting sudah bayar lamgsung kemas dan kirim tidak akan pusing salah atau tidak","chanraharjo2023-05-08 22:15 | Variasi: 1 BulanSangat rekomendasi sekali baik dari segi pelayanan penjualan,  staff yg ramah dan sangat membantu di dalam setiap pertanyaan. Bahkan saya diinfo untuk kepastian yang sudah saya beli apakah benar. Tolo lain pasti tidak peduli yg penting sudah bayar lamgsung kemas dan kirim tidak akan pusing salah atau tidakMembantu?Laporkan Penyalahgunaan",5,Positif
ubaidillahptiq,2024-07-10 03:35 | Variasi: 1 Bulan,Fungsi: membuat sintesis kata sesuai perintah kitaDesain: lumayan bagus dan desain elegan aerodinamis dan cepatPenggunaan: membuat sintesis dan outline kata yang kita inginkan jadi konsep kalimat mengikuti desain yang kita mau dan inginkanbagus sesuai deskripsi dan iklan tetapi ada batasan nya cepat sekali tokennya habis jadi kita tunggu antrian supaya bisa dipake tapi saya saranin pakenya malem karena yang make sedikit jadi saya sering pakenya chatgpt malam ukan pagi,ubaidillahptiq2024-07-10 03:35 | Variasi: 1 BulanFungsi: membuat sintesis kata sesuai perintah kitaDesain: lumayan bagus dan desain elegan aerodinamis dan cepatPenggunaan: membuat sintesis dan outline kata yang kita inginkan jadi konsep kalimat mengikuti desain yang kita mau dan inginkanbagus sesuai deskripsi dan iklan tetapi ada batasan nya cepat sekali tokennya habis jadi kita tunggu antrian supaya bisa dipake tapi saya saranin pakenya malem karena yang make sedikit jadi saya sering pakenya chatgpt malam ukan pagiMembantu?Laporkan Penyalahgunaan,5,Positif
achil321,2023-03-27 21:30 | Variasi: 1 Bulan,Terimakasih Aplikasinya berfungsi dengan baik. Pelayanan dan produk terbaik. Admin selalu membantu dan respon cepat. Senang berbelanja di sini. Sekali lagi terimakasih Admin...!2,achil3212023-03-27 21:30 | Variasi: 1 BulanTerimakasih Aplikasinya berfungsi dengan baik. Pelayanan dan produk terbaik. Admin selalu membantu dan respon cepat. Senang berbelanja di sini. Sekali lagi terimakasih Admin...!28Laporkan Penyalahgunaan,5,Positif
,2023-07-11 22:14 | Variasi: 1 Bulan,"Sepadan dengan Harga: yesFitur Terbaik: Gpt4 plugins & code interpreterMantap, proses cepat, akun langsung bisa dipakai dengan lancar meskipun pake gpt4 nya harus cepetÂ²an karena shared, cocok buat saya yg butuhnya kadangÂ² aja. Sekarang udah ada code interpreter nya juga, mantaps 0:063","i*****q2023-07-11 22:14 | Variasi: 1 BulanSepadan dengan Harga: yesFitur Terbaik: Gpt4 plugins & code interpreterMantap, proses cepat, akun langsung bisa dipakai dengan lancar meskipun pake gpt4 nya harus cepetÂ²an karena shared, cocok buat saya yg butuhnya kadangÂ² aja. Sekarang udah ada code interpreter nya juga, mantaps 0:0638Laporkan Penyalahgunaan",5,Positif
mampir.yuksini_,2023-10-07 19:34 | Variasi: 1 Bulan,"Fitur Terbaik: MantappppppppppSepadan dengan Harga: Sangattt TerjangkauBaguss , dari pelayanan juga bagusss  Recomend saya sudah order lebih dari 1 kalii 0:08","mampir.yuksini_2023-10-07 19:34 | Variasi: 1 BulanFitur Terbaik: MantappppppppppSepadan dengan Harga: Sangattt TerjangkauBaguss , dari pelayanan juga bagusss  Recomend saya sudah order lebih dari 1 kalii 0:087Laporkan Penyalahgunaan",5,Positif
,2023-10-22 17:03 | Variasi: 1 Bulan,Fitur Terbaik: mantapSepadan dengan Harga: sesuaiPke..programnya sidah bisa dipakai..tapi ya memang rebutan sih..kadang ga dapat krn kiata 3 jam an udah penuh.. 0:05,m*****n2023-10-22 17:03 | Variasi: 1 BulanFitur Terbaik: mantapSepadan dengan Harga: sesuaiPke..programnya sidah bisa dipakai..tapi ya memang rebutan sih..kadang ga dapat krn kiata 3 jam an udah penuh.. 0:053Laporkan Penyalahgunaan,5,Positif
Pengguna Shopee,2023-10-09 09:44 | Variasi: 1 Bulan,Fitur Terbaik: BagusSepadan dengan Harga: SepadanSaya sudah pakai dan memang chatgpt nya sudah versi pro 0:07,Pengguna Shopee2023-10-09 09:44 | Variasi: 1 BulanFitur Terbaik: BagusSepadan dengan Harga: SepadanSaya sudah pakai dan memang chatgpt nya sudah versi pro 0:072Laporkan Penyalahgunaan,5,Positif
nurfebrianasari,2024-03-02 19:13 | Variasi: 1 Bulan,Packing rapi aman dan terkendali.  Pengiriman lancar jaya sampai ke Belitung.  Anak sy suka sekali....  Alhamdulillah....  Thanks to seller.  Thanks to shoppe.  Semoga Berkah buat kita semua.  Aamiin,nurfebrianasari2024-03-02 19:13 | Variasi: 1 BulanPacking rapi aman dan terkendali.  Pengiriman lancar jaya sampai ke Belitung.  Anak sy suka sekali....  Alhamdulillah....  Thanks to seller.  Thanks to shoppe.  Semoga Berkah buat kita semua.  AamiinMembantu?Laporkan Penyalahgunaan,5,Positif
,2024-01-04 19:47 | Variasi: 1 Bulan,Adminnya sangat fast respon. Lalu barangnya juga bagus. Keren lah. 0:0,s*****42024-01-04 19:47 | Variasi: 1 BulanAdminnya sangat fast respon. Lalu barangnya juga bagus. Keren lah. 0:04Membantu?Laporkan Penyalahgunaan,5,Positif
rivaldo2409,2023-07-14 19:08 | Variasi: 1 Bulan,"Fitur Terbaik: rekomendasiSepadan dengan Harga: sepadanRespon cepat, tidak bertele2â€¦ rekomendasi","rivaldo24092023-07-14 19:08 | Variasi: 1 BulanFitur Terbaik: rekomendasiSepadan dengan Harga: sepadanRespon cepat, tidak bertele2â€¦ rekomendasi2Laporkan Penyalahgunaan",5,Positif
,2023-03-19 10:30 | Variasi: 1 Bulan,"Seller fast respon banget, no minus, proses cepat, langsung bisa digunakan, keren3","r*****n2023-03-19 10:30 | Variasi: 1 BulanSeller fast respon banget, no minus, proses cepat, langsung bisa digunakan, keren30Laporkan Penyalahgunaan",5,Positif
ahmadsyagif,2023-07-13 21:47 | Variasi: 1 Bulan,Sepadan dengan Harga: sepadanFitur Terbaik: plus plusMantap sellernya gkpke lama langsung plus bs chat sepuasnya. Gk perlu diragukan lagi. Trimaksih semoga berkah dan manfaat,ahmadsyagif2023-07-13 21:47 | Variasi: 1 BulanSepadan dengan Harga: sepadanFitur Terbaik: plus plusMantap sellernya gkpke lama langsung plus bs chat sepuasnya. Gk perlu diragukan lagi. Trimaksih semoga berkah dan manfaat4Laporkan Penyalahgunaan,5,Positif
,2023-05-29 21:39 | Variasi: 1 Bulan,"Sepadan dengan Harga: masih trial sebulan, cocok lanjutFitur Terbaik: emang ga kaleng"" gpt 3.5 dan 4 kualitas jawabannya bisa bikin lebih paham dari gpt 3Buat user lain, tolong lu harus tau ini akun sharing. Ada limit 25 pesan per 3 jam. Gw liat yg make GPT 4 pertanyaannya kaya bocah SD, padahal GPT 3.5 sudah cukup buat jawab pertanyaan lu. Bukannya ngelarang make, tapi lu harus tahu fungsinya dulu lah, biar user lain bisa pakai GPT 4 juga. Haduh, kalau FOMO minimal ga boleh minim literasi ygy âœŒ","m*****n2023-05-29 21:39 | Variasi: 1 BulanSepadan dengan Harga: masih trial sebulan, cocok lanjutFitur Terbaik: emang ga kaleng"" gpt 3.5 dan 4 kualitas jawabannya bisa bikin lebih paham dari gpt 3Buat user lain, tolong lu harus tau ini akun sharing. Ada limit 25 pesan per 3 jam. Gw liat yg make GPT 4 pertanyaannya kaya bocah SD, padahal GPT 3.5 sudah cukup buat jawab pertanyaan lu. Bukannya ngelarang make, tapi lu harus tahu fungsinya dulu lah, biar user lain bisa pakai GPT 4 juga. Haduh, kalau FOMO minimal ga boleh minim literasi ygy âœŒ9Laporkan Penyalahgunaan",5,Positif
karjaw,2023-08-21 08:01 | Variasi: 1 Bulan,Sepadan dengan Harga: harga murah sayangnya gak pernah bisa di pakai karena limit. harus sabar menunggu jam dan keroyokan sama user lain.Fitur Terbaik: bentrok melulu karena akun shared.,karjaw2023-08-21 08:01 | Variasi: 1 BulanSepadan dengan Harga: harga murah sayangnya gak pernah bisa di pakai karena limit. harus sabar menunggu jam dan keroyokan sama user lain.Fitur Terbaik: bentrok melulu karena akun shared.5Laporkan Penyalahgunaan,5,Positif
otetatsuya,2023-07-07 09:04 | Variasi: 3 Bulan,Fitur Terbaik: Murah dan cepatSepadan dengan Harga: sepadanHanya mesti bersabar karena yang pake kadang banyak.,otetatsuya2023-07-07 09:04 | Variasi: 3 BulanFitur Terbaik: Murah dan cepatSepadan dengan Harga: sepadanHanya mesti bersabar karena yang pake kadang banyak.6Laporkan Penyalahgunaan,5,Positif
randyfahrizall,2023-07-25 16:35 | Variasi: 3 Bulan,"Fitur Terbaik: TERBAIK , GAK BOHONGSepadan dengan Harga: SANGAT WORTH ITAdmin ramah","randyfahrizall2023-07-25 16:35 | Variasi: 3 BulanFitur Terbaik: TERBAIK , GAK BOHONGSepadan dengan Harga: SANGAT WORTH ITAdmin ramah1Laporkan Penyalahgunaan",5,Positif
airlangit,2023-06-02 06:31 | Variasi: 1 Bulan,"Sepadan dengan Harga: real chatGPT plus premiumFitur Terbaik: ada 2 pilihan versi 3,5 atau versi 4harga murah real akun recommended seller","airlangit2023-06-02 06:31 | Variasi: 1 BulanSepadan dengan Harga: real chatGPT plus premiumFitur Terbaik: ada 2 pilihan versi 3,5 atau versi 4harga murah real akun recommended sellerMembantu?Laporkan Penyalahgunaan",5,Positif
,2023-03-30 07:54 | Variasi: 1 Bulan,"akun berfungsi, tp terlalu sering dihapus history chatnya. setidaknya tunggu 24 jam baru hapus","k*****12023-03-30 07:54 | Variasi: 1 Bulanakun berfungsi, tp terlalu sering dihapus history chatnya. setidaknya tunggu 24 jam baru hapus1Laporkan Penyalahgunaan",5,Positif
seraga_santri,2023-03-30 12:56 | Variasi: 1 Bulan,Sepadan dengan Harga: lumayan sepan dengan hargakalau ngak mau rebutan atau error karna history di hapus orang rekomendasi yang privat,seraga_santri2023-03-30 12:56 | Variasi: 1 BulanSepadan dengan Harga: lumayan sepan dengan hargakalau ngak mau rebutan atau error karna history di hapus orang rekomendasi yang privat1Laporkan Penyalahgunaan,5,Positif
riozalukhu_1210,2023-05-05 09:04 | Variasi: 1 Bulan,"Sepadan dengan Harga: worth it lah kalo mau beli, saran kalo mau yg enak beli yg private ajaFitur Terbaik: gpt 4","riozalukhu_12102023-05-05 09:04 | Variasi: 1 BulanSepadan dengan Harga: worth it lah kalo mau beli, saran kalo mau yg enak beli yg private ajaFitur Terbaik: gpt 41Laporkan Penyalahgunaan",5,Positif
achmad.hamdiyat,2023-09-05 04:19 | Variasi: 3 Bulan,"Pelayanan oke.. Walaupun antriannya mayan, seller amanah dan bertanggung jawab..","achmad.hamdiyat2023-09-05 04:19 | Variasi: 3 BulanPelayanan oke.. Walaupun antriannya mayan, seller amanah dan bertanggung jawab..Membantu?Laporkan Penyalahgunaan",5,Positif
randyfahrizall,2023-07-01 09:03 | Variasi: 1 Bulan,"Sepadan dengan Harga: saya sangat senangFitur Terbaik: mantap saya sangat sukaSaya sangat suka , LANCAR JAYA","randyfahrizall2023-07-01 09:03 | Variasi: 1 BulanSepadan dengan Harga: saya sangat senangFitur Terbaik: mantap saya sangat sukaSaya sangat suka , LANCAR JAYAMembantu?Laporkan Penyalahgunaan",5,Positif
,2023-07-15 20:48 | Variasi: 1 Bulan,Sepadan dengan Harga: sesuai sepadan dengan hargaFitur Terbaik: mantapRekomendasi dah aman sentosa belm ada kendala,z*****r2023-07-15 20:48 | Variasi: 1 BulanSepadan dengan Harga: sesuai sepadan dengan hargaFitur Terbaik: mantapRekomendasi dah aman sentosa belm ada kendala1Laporkan Penyalahgunaan,5,Positif
,2024-02-15 16:57 | Variasi: 3 Bulan,"Sangat sangattt bagus sekali, respon dari admin juga sangat cepat dan super ramahhh. Ga nyesel buat beli disini dan bakal repeat order. Makasihhh banyakkkğŸ™ğŸ¼ğŸ™ğŸ¼ğŸ”¥ğŸŒ¾","r*****12024-02-15 16:57 | Variasi: 3 BulanSangat sangattt bagus sekali, respon dari admin juga sangat cepat dan super ramahhh. Ga nyesel buat beli disini dan bakal repeat order. Makasihhh banyakkkğŸ™ğŸ¼ğŸ™ğŸ¼ğŸ”¥ğŸŒ¾Membantu?Laporkan Penyalahgunaan",5,Positif
,2024-05-31 21:24 | Variasi: 1 Bulan,"Sangat rekomendasi untuk kawan kawan lain.  Seller ramah, respon chat 24 jam.  Pokoknya gak bakalan kecewa.  Cuma harus sabarr okey.","a*****_2024-05-31 21:24 | Variasi: 1 BulanSangat rekomendasi untuk kawan kawan lain.  Seller ramah, respon chat 24 jam.  Pokoknya gak bakalan kecewa.  Cuma harus sabarr okey.Membantu?Laporkan Penyalahgunaan",5,Positif
bennicael,2024-03-30 16:25 | Variasi: 1 Bulan,"Produk samgat oke, admin fast resp terkait garansi, produk juga original pokonya sgt recommend","bennicael2024-03-30 16:25 | Variasi: 1 BulanProduk samgat oke, admin fast resp terkait garansi, produk juga original pokonya sgt recommendMembantu?Laporkan Penyalahgunaan",5,Positif
sonsi71003,2024-03-16 10:37 | Variasi: Lifetime,"Bagus banget kedua kalinya beli dsini, kata aku gausah ragu langsung co aja, responnya cepat dibantu juga dan gptnya kenceng keren","sonsi710032024-03-16 10:37 | Variasi: LifetimeBagus banget kedua kalinya beli dsini, kata aku gausah ragu langsung co aja, responnya cepat dibantu juga dan gptnya kenceng kerenMembantu?Laporkan Penyalahgunaan",5,Positif
arry_hutomo,2023-06-04 10:28 | Variasi: Lifetime,"Thanks for this seller, very helpfull and kindness juara deh terbaik","arry_hutomo2023-06-04 10:28 | Variasi: LifetimeThanks for this seller, very helpfull and kindness juara deh terbaikMembantu?Laporkan Penyalahgunaan",5,Positif
imampasli,2023-10-21 19:41 | Variasi: 6 Bulan,"Respon penjualnya cepat, komunikasinya bagus sehingga sangat membantu dlm menginstall aplikasinya. Mantul","imampasli2023-10-21 19:41 | Variasi: 6 BulanRespon penjualnya cepat, komunikasinya bagus sehingga sangat membantu dlm menginstall aplikasinya. MantulMembantu?Laporkan Penyalahgunaan",5,Positif
finakholijz,2024-02-04 08:20 | Variasi: 3 Bulan,"Udh pesen 2x, fast respon, psen 3 bln ya bnr2 smpe 3 bln. Mantap. Pertahankan biar bs jd langganan","finakholijz2024-02-04 08:20 | Variasi: 3 BulanUdh pesen 2x, fast respon, psen 3 bln ya bnr2 smpe 3 bln. Mantap. Pertahankan biar bs jd langgananMembantu?Laporkan Penyalahgunaan",5,Positif
,2024-01-01 06:50 | Variasi: 1 Bulan,Mudah digunakan dan sangat bermanfaat untuk todler yang ingin mencari artikel tugas paud. ğŸ™,a*****n2024-01-01 06:50 | Variasi: 1 BulanMudah digunakan dan sangat bermanfaat untuk todler yang ingin mencari artikel tugas paud. ğŸ™Membantu?Laporkan Penyalahgunaan,5,Positif
faditukche,2023-06-22 17:39 | Variasi: 1 Bulan,PUAS BANGET SAMA PROSESNYA.. JUGA FAST RESPON TIDAK BERTELE TELE REKOMEN BGT,faditukche2023-06-22 17:39 | Variasi: 1 BulanPUAS BANGET SAMA PROSESNYA.. JUGA FAST RESPON TIDAK BERTELE TELE REKOMEN BGTMembantu?Laporkan Penyalahgunaan,5,Positif
hamzafq_,2023-12-05 16:08 | Variasi: 1 Bulan,ceffat pelayanannya dan works like a charm. great product. gpt 4 abit overrated tho fr,hamzafq_2023-12-05 16:08 | Variasi: 1 Bulanceffat pelayanannya dan works like a charm. great product. gpt 4 abit overrated tho frMembantu?Laporkan Penyalahgunaan,5,Positif
firdausvolte,2023-05-08 10:25 | Variasi: 1 Bulan,Fitur Terbaik: tersedia juga GPT 4 hanya saja dibatasi oleh WaktuSepadan dengan Harga: ada fitur ada pula hargaSemoga kedepannya respon penjualnya lebih cepat lagi dan layanan berlangganan lebih variatif dan beragam Terimakasih ğŸ™ğŸ» jaya dan sukses selalu,firdausvolte2023-05-08 10:25 | Variasi: 1 BulanFitur Terbaik: tersedia juga GPT 4 hanya saja dibatasi oleh WaktuSepadan dengan Harga: ada fitur ada pula hargaSemoga kedepannya respon penjualnya lebih cepat lagi dan layanan berlangganan lebih variatif dan beragam Terimakasih ğŸ™ğŸ» jaya dan sukses selalu5Laporkan Penyalahgunaan,5,Positif
orlandospyro,2024-04-12 20:50 | Variasi: Lifetime,Pelayanan Cepat dengan Harga terbaik. Udah pembelian ke-2 kali. Thank you dan sukses terus seller!,orlandospyro2024-04-12 20:50 | Variasi: LifetimePelayanan Cepat dengan Harga terbaik. Udah pembelian ke-2 kali. Thank you dan sukses terus seller!Membantu?Laporkan Penyalahgunaan,5,Positif
,2024-02-03 09:10 | Variasi: 1 Bulan,"Makasih, sellernya sangat fastresp dan baik, memastikan berkali-kali dan di guide sampai bisa ğŸ«¶ğŸ»ğŸ«¶ğŸ»ğŸ¥º kewren poll","k*****i2024-02-03 09:10 | Variasi: 1 BulanMakasih, sellernya sangat fastresp dan baik, memastikan berkali-kali dan di guide sampai bisa ğŸ«¶ğŸ»ğŸ«¶ğŸ»ğŸ¥º kewren pollMembantu?Laporkan Penyalahgunaan",5,Positif
,2023-12-10 06:52 | Variasi: 1 Bulan,"Mantap seller amanah, barang sesuai. Repeat order lah gass 0:0","a*****82023-12-10 06:52 | Variasi: 1 BulanMantap seller amanah, barang sesuai. Repeat order lah gass 0:04Membantu?Laporkan Penyalahgunaan",5,Positif
ditanr_29,2023-12-25 17:53 | Variasi: 1 Bulan,"Produk bagus dan Puas belanja! Harga terjangkau, kualitas oke. Rekomendasi! Pelayanan ramah dan cepat, barang sesuai harapan.","ditanr_292023-12-25 17:53 | Variasi: 1 BulanProduk bagus dan Puas belanja! Harga terjangkau, kualitas oke. Rekomendasi! Pelayanan ramah dan cepat, barang sesuai harapan.Membantu?Laporkan Penyalahgunaan",5,Positif
,2023-08-10 07:28 | Variasi: 3 Bulan,Makasih banyak kak atas pelayanannya yang super ramah dan kualitas produknya sangat bagus. Recommended!,s*****r2023-08-10 07:28 | Variasi: 3 BulanMakasih banyak kak atas pelayanannya yang super ramah dan kualitas produknya sangat bagus. Recommended!Membantu?Laporkan Penyalahgunaan,5,Positif
,2023-12-21 18:28 | Variasi: 1 Bulan,"respon penjual sangat cepat dan baik, seneng dah berlangganan disini, makasih seller 0:0","v*****e2023-12-21 18:28 | Variasi: 1 Bulanrespon penjual sangat cepat dan baik, seneng dah berlangganan disini, makasih seller 0:04Membantu?Laporkan Penyalahgunaan",5,Positif
,2023-10-26 11:26 | Variasi: Lifetime,"Hanya bisa pakai sebentar dan langsung ga bisa lagi, dichat di wa maupun aplikasi tidak dibalas. Brp hri di balas dengan ancaman wajib bintang 5 baru dikasih update annya.. jd ini ga murni lifetime tapi kejar2an sama seller.. sekuat2kuatnya ngejar dan selama seller aktif aja ","c*****k2023-10-26 11:26 | Variasi: LifetimeHanya bisa pakai sebentar dan langsung ga bisa lagi, dichat di wa maupun aplikasi tidak dibalas. Brp hri di balas dengan ancaman wajib bintang 5 baru dikasih update annya.. jd ini ga murni lifetime tapi kejar2an sama seller.. sekuat2kuatnya ngejar dan selama seller aktif aja 8Laporkan Penyalahgunaan",5,Positif
,2023-08-09 14:10 | Variasi: Lifetime,"Mantap berfungsi dengan baik! Semoga tidak ada kendala, admin merespon dengan baik, mudah2an aftersalesnya juga ğŸ™ğŸ»2","r*****i2023-08-09 14:10 | Variasi: LifetimeMantap berfungsi dengan baik! Semoga tidak ada kendala, admin merespon dengan baik, mudah2an aftersalesnya juga ğŸ™ğŸ»25Laporkan Penyalahgunaan",5,Positif
diar_kun,2023-09-29 14:32 | Variasi: 1 Bulan,"Fitur Terbaik: bagusSepadan dengan Harga: murahsesuai pesanan, semoga tidak ada masalah","diar_kun2023-09-29 14:32 | Variasi: 1 BulanFitur Terbaik: bagusSepadan dengan Harga: murahsesuai pesanan, semoga tidak ada masalahMembantu?Laporkan Penyalahgunaan",5,Positif
amrunhore,2023-04-25 16:26 | Variasi: 1 Bulan,Fitur Terbaik: cgpt 4 nikmat kalo yg lain nganggurSepadan dengan Harga: worthy la yaUntuk explore dan coba2 firur is good. Jika untuk beli serius memang private aja. Btw good buat odong,amrunhore2023-04-25 16:26 | Variasi: 1 BulanFitur Terbaik: cgpt 4 nikmat kalo yg lain nganggurSepadan dengan Harga: worthy la yaUntuk explore dan coba2 firur is good. Jika untuk beli serius memang private aja. Btw good buat odong2Membantu?Laporkan Penyalahgunaan,5,Positif
nazihahyra,2023-06-30 08:20 | Variasi: 1 Bulan,"Sepadan dengan Harga: âœ”Fitur Terbaik: âœ”BAGUS BANGEEET, fastrespon dan tidak berbelit","nazihahyra2023-06-30 08:20 | Variasi: 1 BulanSepadan dengan Harga: âœ”Fitur Terbaik: âœ”BAGUS BANGEEET, fastrespon dan tidak berbelitMembantu?Laporkan Penyalahgunaan",5,Positif
,2023-12-27 13:46 | Variasi: 3 Bulan,Beli 3 bulan tapi baru 1 bulan udh ga bisa dipake. Di chat ga ada respon sama sekali,g*****e2023-12-27 13:46 | Variasi: 3 BulanBeli 3 bulan tapi baru 1 bulan udh ga bisa dipake. Di chat ga ada respon sama sekali2Laporkan Penyalahgunaan,5,Positif
mirfanj01052016,2023-07-14 05:45 | Variasi: 1 Bulan,"Fitur Terbaik: Sangat baik ğŸ¤ Sepadan dengan Harga: Sangat sepadan dengan harganya ğŸ˜Pelayanan bagus, cepat, dan sangat baik. Lanjutkan guys ğŸ˜ğŸ™","mirfanj010520162023-07-14 05:45 | Variasi: 1 BulanFitur Terbaik: Sangat baik ğŸ¤ Sepadan dengan Harga: Sangat sepadan dengan harganya ğŸ˜Pelayanan bagus, cepat, dan sangat baik. Lanjutkan guys ğŸ˜ğŸ™Membantu?Laporkan Penyalahgunaan",5,Positif
,2023-07-07 10:00 | Variasi: 1 Bulan,Sepadan dengan Harga: bestFitur Terbaik: bestLupa kasih nilai padahal fast respond banget!!,n*****e2023-07-07 10:00 | Variasi: 1 BulanSepadan dengan Harga: bestFitur Terbaik: bestLupa kasih nilai padahal fast respond banget!!Membantu?Laporkan Penyalahgunaan,5,Positif
,2024-09-06 15:58 | Variasi: 1 Bulan,"Fungsi: berfungsi dengan baikPenggunaan: sangat membantuSemuanya berjalan dengan baik, terima kasih penjual","t*****k2024-09-06 15:58 | Variasi: 1 BulanFungsi: berfungsi dengan baikPenggunaan: sangat membantuSemuanya berjalan dengan baik, terima kasih penjualMembantu?Laporkan Penyalahgunaan",5,Positif
,2024-10-08 21:07 | Variasi: 1 Bulan,Fungsi: berfungsi dengan baikPenggunaan: sangat membantuRespon penjual ramah dan quick respon,k*****72024-10-08 21:07 | Variasi: 1 BulanFungsi: berfungsi dengan baikPenggunaan: sangat membantuRespon penjual ramah dan quick responMembantu?Laporkan Penyalahgunaan,5,Positif
,2024-09-07 11:18 | Variasi: 1 Bulan,Fungsi: baikDesain: mudah di pahamiPenggunaan: membantuBarang sudah diterima dengan baik pengiriman cepat harga murah masih budget pelajar cukup,i*****o2024-09-07 11:18 | Variasi: 1 BulanFungsi: baikDesain: mudah di pahamiPenggunaan: membantuBarang sudah diterima dengan baik pengiriman cepat harga murah masih budget pelajar cukupMembantu?Laporkan Penyalahgunaan,5,Positif
rohmahagengmursita11,2023-12-25 22:59 | Variasi: Lifetime,Mantap bisa dipakai meskipun banyak orang dan harus selalu chat admin jika ada kendala daan direspon baik oleh admin. Cuman saya yg biasa kerja saampai malam jd harus chat admin terus,rohmahagengmursita112023-12-25 22:59 | Variasi: LifetimeMantap bisa dipakai meskipun banyak orang dan harus selalu chat admin jika ada kendala daan direspon baik oleh admin. Cuman saya yg biasa kerja saampai malam jd harus chat admin terusMembantu?Laporkan Penyalahgunaan,5,Positif
,2024-07-02 19:57 | Variasi: 1 Bulan,"Fungsi: baca desc produk aja:)Desain: simpel n mudah dipahamiPenggunaan: sangat membantuProses log in nya mudah, harga murmerrr, tapi sayang ada batasan/limit buat nanya ke AI nya. Selebihnya ok bangett. Thankyou! 0:05","_*****s2024-07-02 19:57 | Variasi: 1 BulanFungsi: baca desc produk aja:)Desain: simpel n mudah dipahamiPenggunaan: sangat membantuProses log in nya mudah, harga murmerrr, tapi sayang ada batasan/limit buat nanya ke AI nya. Selebihnya ok bangett. Thankyou! 0:058Laporkan Penyalahgunaan",4,Positif
nurfebrianasari,2024-05-28 20:45 | Variasi: 1 Bulan,Fungsi: baikDesain: baikPenggunaan: baikPacking rapi aman dan terkendali.  Pengiriman lancar jaya sampai ke Belitung.  Paket lengkap tak kurang satu pun.  Ma'af fotonya beda.  Thanks to seller.  Thanks to shoppe.  Berkah ya buat kita swmua.  Aamiin,nurfebrianasari2024-05-28 20:45 | Variasi: 1 BulanFungsi: baikDesain: baikPenggunaan: baikPacking rapi aman dan terkendali.  Pengiriman lancar jaya sampai ke Belitung.  Paket lengkap tak kurang satu pun.  Ma'af fotonya beda.  Thanks to seller.  Thanks to shoppe.  Berkah ya buat kita swmua.  AamiinMembantu?Laporkan Penyalahgunaan,4,Positif
pramudyoprim,2024-02-28 23:42 | Variasi: 1 Bulan,"Baru dipakai 1x sudah antri 3jam. Penjual di hubungi berkali kali namun tidak ada respon dan solusi. Bukan tentang nominalnya, namun pada diskripsi tertulis jika ada kendala hubungi penjual, namun tidak ada rspon juga.","pramudyoprim2024-02-28 23:42 | Variasi: 1 BulanBaru dipakai 1x sudah antri 3jam. Penjual di hubungi berkali kali namun tidak ada respon dan solusi. Bukan tentang nominalnya, namun pada diskripsi tertulis jika ada kendala hubungi penjual, namun tidak ada rspon juga.3Laporkan Penyalahgunaan",4,Positif
thyo.bloye,2023-06-11 14:27 | Variasi: 1 Bulan,"GPT 4 nya sharing sama user lain, kalo beruntung bisa search 1 - 2x aja per 3 jam Kalo lagi sial, bisa seharian ga dapet gpt4 Tapi dapet gpt 3,5 + response lebih cepet udah worth it sih","thyo.bloye2023-06-11 14:27 | Variasi: 1 BulanGPT 4 nya sharing sama user lain, kalo beruntung bisa search 1 - 2x aja per 3 jam Kalo lagi sial, bisa seharian ga dapet gpt4 Tapi dapet gpt 3,5 + response lebih cepet udah worth it sih1Laporkan Penyalahgunaan",4,Positif
,2023-04-03 14:32 | Variasi: 3 Bulan,Fitur Terbaik: bermanfaatSeller mau bertanggung jawabâ€¦ jika akun yang diberi eror dan di ganti,i*****n2023-04-03 14:32 | Variasi: 3 BulanFitur Terbaik: bermanfaatSeller mau bertanggung jawabâ€¦ jika akun yang diberi eror dan di ganti8Laporkan Penyalahgunaan,4,Positif
toko_risma01,2023-10-10 00:39 | Variasi: 1 Bulan,Sepadan dengan Harga: mantapFitur Terbaik: okebanguss wes pokoknya mantap ajep ajep lah yaw sip poll,toko_risma012023-10-10 00:39 | Variasi: 1 BulanSepadan dengan Harga: mantapFitur Terbaik: okebanguss wes pokoknya mantap ajep ajep lah yaw sip pollMembantu?Laporkan Penyalahgunaan,4,Positif
rimbasu,2023-05-26 09:42 | Variasi: 1 Bulan,Sepadan dengan Harga: worth it lah walaupun akun sharingFitur Terbaik: ChatGPT ,rimbasu2023-05-26 09:42 | Variasi: 1 BulanSepadan dengan Harga: worth it lah walaupun akun sharingFitur Terbaik: ChatGPT 4Membantu?Laporkan Penyalahgunaan,4,Positif
,2023-10-14 22:19 | Variasi: 1 Bulan,"Sepadan dengan Harga: maybeFitur Terbaik: ya begitu lahbagus sih tapi buat orang yang pake chat gpt sewajarnya, kalo pakenya intens kurang recomended soalnya dipake orang banyak jadi kadang pas pake tb tb history chatnya direset jadi ilang semua chat kita, trus kadang kena limit jadi dibalikin ke chat gpt 3 trus besok baru bisa gpt 4 lagi","a*****e2023-10-14 22:19 | Variasi: 1 BulanSepadan dengan Harga: maybeFitur Terbaik: ya begitu lahbagus sih tapi buat orang yang pake chat gpt sewajarnya, kalo pakenya intens kurang recomended soalnya dipake orang banyak jadi kadang pas pake tb tb history chatnya direset jadi ilang semua chat kita, trus kadang kena limit jadi dibalikin ke chat gpt 3 trus besok baru bisa gpt 4 lagi4Laporkan Penyalahgunaan",4,Positif
,2024-11-01 15:00 | Variasi: 1 Bulan,"Asli penjual slow respon banget, sampai mau satu hari aku nungguin 0:0","s*****52024-11-01 15:00 | Variasi: 1 BulanAsli penjual slow respon banget, sampai mau satu hari aku nungguin 0:04Membantu?Laporkan Penyalahgunaan",4,Positif
muhammad.hamid,2023-10-26 22:23 | Variasi: 1 Bulan,"Fitur Terbaik: sungguh ini pertama kali kasih rating rendahSepadan dengan Harga: lebih ke ngga bisa di gunakan sih,udah nyoba banyak di kasih pilihan tapi ngga berfungsi","muhammad.hamid2023-10-26 22:23 | Variasi: 1 BulanFitur Terbaik: sungguh ini pertama kali kasih rating rendahSepadan dengan Harga: lebih ke ngga bisa di gunakan sih,udah nyoba banyak di kasih pilihan tapi ngga berfungsiMembantu?Laporkan Penyalahgunaan",4,Positif
iqbal_bachtiar96,2023-10-26 13:53 | Variasi: 1 Bulan,Sepadan dengan Harga: lumayanFitur Terbaik: gpt 4Terima kasih barangnya bisa digunakan walaupun kadang seringÂ² bermasalah tapi pihak penjual mau tanggung jawab.,iqbal_bachtiar962023-10-26 13:53 | Variasi: 1 BulanSepadan dengan Harga: lumayanFitur Terbaik: gpt 4Terima kasih barangnya bisa digunakan walaupun kadang seringÂ² bermasalah tapi pihak penjual mau tanggung jawab.Membantu?Laporkan Penyalahgunaan,4,Positif
shilajit,2023-08-02 00:33 | Variasi: 1 Bulan,"Hati Hati It's model is of account sharing, most of the times gpt 4 will be unavailable to use due to many people using at a time and exceeding the usage cap, better use the free version and save your time and money!Update PenilaianIt's good 1","shilajit2023-08-02 00:33 | Variasi: 1 BulanHati Hati It's model is of account sharing, most of the times gpt 4 will be unavailable to use due to many people using at a time and exceeding the usage cap, better use the free version and save your time and money!Update PenilaianIt's good 13Laporkan Penyalahgunaan",4,Positif
,2024-01-30 19:40 | Variasi: 1 Bulan,"beli untuk 1 bulan, baru 2 minggu sudah ke lock, mana seller respon lemot, tidak rekomen","e*****n2024-01-30 19:40 | Variasi: 1 Bulanbeli untuk 1 bulan, baru 2 minggu sudah ke lock, mana seller respon lemot, tidak rekomenMembantu?Laporkan Penyalahgunaan",4,Positif
_orvtdx_jp,2024-03-07 18:05 | Variasi: 1 Bulan,"40 pesan/3 jam, jd kadang perlu nunggu dulu buat paks gpt4 nya","_orvtdx_jp2024-03-07 18:05 | Variasi: 1 Bulan40 pesan/3 jam, jd kadang perlu nunggu dulu buat paks gpt4 nyaMembantu?Laporkan Penyalahgunaan",4,Positif
,2023-08-30 11:55 | Variasi: 1 Bulan,Terlalu banyak user jadi kadang error karena antre pakainya,a*****y2023-08-30 11:55 | Variasi: 1 BulanTerlalu banyak user jadi kadang error karena antre pakainyaMembantu?Laporkan Penyalahgunaan,4,Positif
,2023-06-14 05:43 | Variasi: 1 Bulan,"akun sharingnya sudah terlalu banyak yg pakai, jadi tidak optimal susah untuk digunakan.","1*****d2023-06-14 05:43 | Variasi: 1 Bulanakun sharingnya sudah terlalu banyak yg pakai, jadi tidak optimal susah untuk digunakan.2Laporkan Penyalahgunaan",4,Positif
verdy7892,2023-07-27 05:08 | Variasi: 1 Bulan,"Semoga sesuai dengan deskripsi lah, awet tidak ada gangguan 0:04","verdy78922023-07-27 05:08 | Variasi: 1 BulanSemoga sesuai dengan deskripsi lah, awet tidak ada gangguan 0:041Laporkan Penyalahgunaan",4,Positif
,2023-03-22 02:13 | Variasi: 1 Bulan,"kadang nd kebagian pake(lebih sering), kalau mau mending private aja","l*****x2023-03-22 02:13 | Variasi: 1 Bulankadang nd kebagian pake(lebih sering), kalau mau mending private aja7Laporkan Penyalahgunaan",4,Positif
7hsr34p3w1,2024-06-04 10:44 | Variasi: 1 Bulan,Berbahasa korea. Kurang faham bahasanya,7hsr34p3w12024-06-04 10:44 | Variasi: 1 BulanBerbahasa korea. Kurang faham bahasanyaMembantu?Laporkan Penyalahgunaan,4,Positif
rksakti,2024-01-27 11:13 | Variasi: 1 Bulan,Sesuai dengan harga siy.. agak terhambat,rksakti2024-01-27 11:13 | Variasi: 1 BulanSesuai dengan harga siy.. agak terhambatMembantu?Laporkan Penyalahgunaan,4,Positif
abbah_ghanim,2023-12-20 08:20 | Variasi: 1 Bulan,Karena sharing akun jdinya mesti cepet2an makeknya.. oke sih,abbah_ghanim2023-12-20 08:20 | Variasi: 1 BulanKarena sharing akun jdinya mesti cepet2an makeknya.. oke sihMembantu?Laporkan Penyalahgunaan,4,Positif
robiartarch,2024-02-17 22:14 | Variasi: 1 Bulan,"Ga unlimited, gk bisa terpakai karena udah di ambil duluan sama yang lain","robiartarch2024-02-17 22:14 | Variasi: 1 BulanGa unlimited, gk bisa terpakai karena udah di ambil duluan sama yang lainMembantu?Laporkan Penyalahgunaan",4,Positif
awalbahasoan,2024-01-02 11:15 | Variasi: Lifetime,"Bagus, namun kebijakan chat gpt premium membatasi pertanyaan menjadikan akun bersama      terbatas pada jam jam tertentu. Berharap setiap akun premium dibatasi juga orangnya mungkin 10 orang per akun","awalbahasoan2024-01-02 11:15 | Variasi: LifetimeBagus, namun kebijakan chat gpt premium membatasi pertanyaan menjadikan akun bersama      terbatas pada jam jam tertentu. Berharap setiap akun premium dibatasi juga orangnya mungkin 10 orang per akunMembantu?Laporkan Penyalahgunaan",4,Positif
,2024-06-16 23:15 | Variasi: 1 Bulan,"bukan chatgpt tapi chatbotapp.ai, gpp lah setidaknya bisa milih gpt4o, sayangnya sepertinya tidak bisa upload dokumen seperti di chatgpt openai","s*****t2024-06-16 23:15 | Variasi: 1 Bulanbukan chatgpt tapi chatbotapp.ai, gpp lah setidaknya bisa milih gpt4o, sayangnya sepertinya tidak bisa upload dokumen seperti di chatgpt openaiMembantu?Laporkan Penyalahgunaan",4,Positif
samuel7up,2023-03-30 07:07 | Variasi: 1 Bulan,Tidak pernah bisa di gunakan selalu error,samuel7up2023-03-30 07:07 | Variasi: 1 BulanTidak pernah bisa di gunakan selalu error2Laporkan Penyalahgunaan,4,Positif
,2023-12-01 03:32 | Variasi: 1 Bulan,"Bagus dan bisa langsung digunakan, mungkin karena akun nya sharing atau faktor lainnya jadi pengguna terbatas 40 chat / 3 jamğŸ¤”ğŸ¤”  Lagi semangat2 nya eh uda ngak bs lagi","b*****i2023-12-01 03:32 | Variasi: 1 BulanBagus dan bisa langsung digunakan, mungkin karena akun nya sharing atau faktor lainnya jadi pengguna terbatas 40 chat / 3 jamğŸ¤”ğŸ¤”  Lagi semangat2 nya eh uda ngak bs lagiMembantu?Laporkan Penyalahgunaan",4,Positif
vixiestshop,2023-08-15 12:23 | Variasi: 1 Bulan,Berfungsi dengan Baik.,vixiestshop2023-08-15 12:23 | Variasi: 1 BulanBerfungsi dengan Baik.Membantu?Laporkan Penyalahgunaan,4,Positif
jacktrezer,2023-12-13 09:34 | Variasi: 1 Bulan,Tidak lifetime untuk chat GPT Plus nya..,jacktrezer2023-12-13 09:34 | Variasi: 1 BulanTidak lifetime untuk chat GPT Plus nya..Membantu?Laporkan Penyalahgunaan,4,Positif
,2024-01-28 19:17 | Variasi: 1 Bulan,"Respon penjual agak lama, gptnya bisa dipake","d*****_2024-01-28 19:17 | Variasi: 1 BulanRespon penjual agak lama, gptnya bisa dipakeMembantu?Laporkan Penyalahgunaan",4,Positif
chalfrost,2024-01-31 07:56 | Variasi: 1 Bulan,Meskipun kadng limit tapi bagus,chalfrost2024-01-31 07:56 | Variasi: 1 BulanMeskipun kadng limit tapi bagusMembantu?Laporkan Penyalahgunaan,4,Positif
1_suryadarma_1,2023-07-19 07:57 | Variasi: 1 Bulan,Nice,1_suryadarma_12023-07-19 07:57 | Variasi: 1 BulanNiceMembantu?Laporkan Penyalahgunaan,4,Positif
fitriaaridsa,2024-05-28 06:50 | Variasi: 1 Bulan,Fungsi: baikDesain: kerenPenggunaan: lumayan,fitriaaridsa2024-05-28 06:50 | Variasi: 1 BulanFungsi: baikDesain: kerenPenggunaan: lumayanMembantu?Laporkan Penyalahgunaan,4,Positif
,2024-05-13 03:32 | Variasi: 3 Bulan,Kena limit terus ampun deh,x*****52024-05-13 03:32 | Variasi: 3 BulanKena limit terus ampun dehMembantu?Laporkan Penyalahgunaan,4,Positif
,2023-09-03 17:09 | Variasi: 1 Bulan,"harus sabar, bnyk yang pke","i*****c2023-09-03 17:09 | Variasi: 1 Bulanharus sabar, bnyk yang pkeMembantu?Laporkan Penyalahgunaan",4,Positif
nxxfl90_kp,2024-09-27 01:45 | Variasi: 1 Bulan,Dri chat bot ai,nxxfl90_kp2024-09-27 01:45 | Variasi: 1 BulanDri chat bot aiMembantu?Laporkan Penyalahgunaan,4,Positif
humamrh,2024-01-12 22:29 | Variasi: 1 Bulan,Katanya lifetime penipuUpdate PenilaianBaik,humamrh2024-01-12 22:29 | Variasi: 1 BulanKatanya lifetime penipuUpdate PenilaianBaikMembantu?Laporkan Penyalahgunaan,4,Positif
1_suryadarma_1,2023-07-19 07:57 | Variasi: 1 Bulan,Nice,1_suryadarma_12023-07-19 07:57 | Variasi: 1 BulanNiceMembantu?Laporkan Penyalahgunaan,4,Positif
fitriaaridsa,2024-05-28 06:50 | Variasi: 1 Bulan,Fungsi: baikDesain: kerenPenggunaan: lumayan,fitriaaridsa2024-05-28 06:50 | Variasi: 1 BulanFungsi: baikDesain: kerenPenggunaan: lumayanMembantu?Laporkan Penyalahgunaan,4,Positif
,2024-05-13 03:32 | Variasi: 3 Bulan,Kena limit terus ampun deh,x*****52024-05-13 03:32 | Variasi: 3 BulanKena limit terus ampun dehMembantu?Laporkan Penyalahgunaan,4,Positif
,2023-09-03 17:09 | Variasi: 1 Bulan,"harus sabar, bnyk yang pke","i*****c2023-09-03 17:09 | Variasi: 1 Bulanharus sabar, bnyk yang pkeMembantu?Laporkan Penyalahgunaan",4,Positif
nxxfl90_kp,2024-09-27 01:45 | Variasi: 1 Bulan,Dri chat bot ai,nxxfl90_kp2024-09-27 01:45 | Variasi: 1 BulanDri chat bot aiMembantu?Laporkan Penyalahgunaan,4,Positif
humamrh,2024-01-12 22:29 | Variasi: 1 Bulan,Katanya lifetime penipuUpdate PenilaianBaik,humamrh2024-01-12 22:29 | Variasi: 1 BulanKatanya lifetime penipuUpdate PenilaianBaikMembantu?Laporkan Penyalahgunaan,4,Positif
,2023-10-22 14:24 | Variasi: 1 Bulan,"Sepadan dengan Harga: risiko sharing account yaa beginilah ... pas bener2 butuh pake, kuotanya udh dihabiskan user lain .. jd hrs nunggu bbrp jam biar bs pake ...Bagusnya chatgpt 4 bs upload gambar, tapi gk terlalu bs diandalkan utk jwb soal etung2an ... dari 7 soal yg dijwb bener cuma 2 wkwkkkk","a*****o2023-10-22 14:24 | Variasi: 1 BulanSepadan dengan Harga: risiko sharing account yaa beginilah ... pas bener2 butuh pake, kuotanya udh dihabiskan user lain .. jd hrs nunggu bbrp jam biar bs pake ...Bagusnya chatgpt 4 bs upload gambar, tapi gk terlalu bs diandalkan utk jwb soal etung2an ... dari 7 soal yg dijwb bener cuma 2 wkwkkkk3Laporkan Penyalahgunaan",3,Negatif
,2024-06-27 06:32 | Variasi: 1 Bulan,Fungsi: baikDesain: baikPenggunaan: sulitAdminnya sulit dihubungi. Pass susah sering gak bisa digunakan saat login,z*****82024-06-27 06:32 | Variasi: 1 BulanFungsi: baikDesain: baikPenggunaan: sulitAdminnya sulit dihubungi. Pass susah sering gak bisa digunakan saat loginMembantu?Laporkan Penyalahgunaan,3,Negatif
sansan.fajrian,2024-05-14 18:36 | Variasi: 1 Bulan,"Murah sih, adminnya balesnya lamaaa, dan cape banget makenya gampang ke limit kayaknya usernya banyak","sansan.fajrian2024-05-14 18:36 | Variasi: 1 BulanMurah sih, adminnya balesnya lamaaa, dan cape banget makenya gampang ke limit kayaknya usernya banyakMembantu?Laporkan Penyalahgunaan",3,Negatif
,2024-07-31 09:41 | Variasi: 1 Bulan,"Sering error baru penggunaan 4 hari langsung error, adminya agak slowres jadi baru beberapa kali kepakai habis tu gabisa dipakai lagi","k*****a2024-07-31 09:41 | Variasi: 1 BulanSering error baru penggunaan 4 hari langsung error, adminya agak slowres jadi baru beberapa kali kepakai habis tu gabisa dipakai lagiMembantu?Laporkan Penyalahgunaan",3,Negatif
ricetea89,2023-10-13 09:45 | Variasi: 3 Bulan,"Yg pro suka kena limited, jadi ujung2 nya pakai yang biasa aja","ricetea892023-10-13 09:45 | Variasi: 3 BulanYg pro suka kena limited, jadi ujung2 nya pakai yang biasa ajaMembantu?Laporkan Penyalahgunaan",3,Negatif
alwanrahmana,2024-02-21 00:26 | Variasi: 1 Bulan,"kebanyakan sharing, limit terus chat gpt 4 nya","alwanrahmana2024-02-21 00:26 | Variasi: 1 Bulankebanyakan sharing, limit terus chat gpt 4 nyaMembantu?Laporkan Penyalahgunaan",3,Negatif
aldinal21,2023-09-29 20:45 | Variasi: 1 Bulan,"mantap, asli, cuma karena ini sharing, jd chatgpt4 nya cepet abis mulu, susah jarang kebagian","aldinal212023-09-29 20:45 | Variasi: 1 Bulanmantap, asli, cuma karena ini sharing, jd chatgpt4 nya cepet abis mulu, susah jarang kebagianMembantu?Laporkan Penyalahgunaan",3,Negatif
alif_ghiffaari,2024-04-21 14:40 | Variasi: 3 Bulan,"Kebanyakan user, admin sepertinya emang sengaja tidak membatasi org yang memiliki share account nya, jadinya tiap 30 menit doang udah limit, nyebelin banget","alif_ghiffaari2024-04-21 14:40 | Variasi: 3 BulanKebanyakan user, admin sepertinya emang sengaja tidak membatasi org yang memiliki share account nya, jadinya tiap 30 menit doang udah limit, nyebelin bangetMembantu?Laporkan Penyalahgunaan",3,Negatif
nov.andrak,2024-06-23 12:09 | Variasi: 3 Bulan,"kecewa, awalnya dikasih yg versi openai tapi cuma seminggu log out sendiri, garansi sih tapi pas minta garansi dikasihnya yg model lain (bukan yg login di web openai) berkali kali lagi admin sangat slow respon dan dilempar ke akun lain yg sama aja slow respon ","nov.andrak2024-06-23 12:09 | Variasi: 3 Bulankecewa, awalnya dikasih yg versi openai tapi cuma seminggu log out sendiri, garansi sih tapi pas minta garansi dikasihnya yg model lain (bukan yg login di web openai) berkali kali lagi admin sangat slow respon dan dilempar ke akun lain yg sama aja slow respon Membantu?Laporkan Penyalahgunaan",3,Negatif
,2023-06-05 18:03 | Variasi: 1 Bulan,"banyak yg make, gabisa pake yg chatgpt4","a*****e2023-06-05 18:03 | Variasi: 1 Bulanbanyak yg make, gabisa pake yg chatgpt41Laporkan Penyalahgunaan",3,Negatif
mad_aldho,2024-09-22 16:58 | Variasi: 3 Bulan,"kirain chat gpt asli ori, eh malah bukan dan slow lagi lambat agak keceea sih gak sesuai","mad_aldho2024-09-22 16:58 | Variasi: 3 Bulankirain chat gpt asli ori, eh malah bukan dan slow lagi lambat agak keceea sih gak sesuaiMembantu?Laporkan Penyalahgunaan",3,Negatif
,2023-07-17 07:37 | Variasi: 1 Bulan,Produk bisa d pakai. Walaupun pelayanan kek s@mph,n*****r2023-07-17 07:37 | Variasi: 1 BulanProduk bisa d pakai. Walaupun pelayanan kek s@mphMembantu?Laporkan Penyalahgunaan,3,Negatif
,2024-09-21 08:16 | Variasi: 1 Bulan,"penjualnya gajelas! chat singkat2 tidak menghargai pembeli samasekali,tidak membantu sama sekali!!!!! ditanya baik2 baru dijawab hari lain!","a*****22024-09-21 08:16 | Variasi: 1 Bulanpenjualnya gajelas! chat singkat2 tidak menghargai pembeli samasekali,tidak membantu sama sekali!!!!! ditanya baik2 baru dijawab hari lain!Membantu?Laporkan Penyalahgunaan",3,Negatif
,2023-12-21 19:24 | Variasi: 1 Bulan,Gk bisa dipakai setiap saat,s*****12023-12-21 19:24 | Variasi: 1 BulanGk bisa dipakai setiap saatMembantu?Laporkan Penyalahgunaan,3,Negatif
diaz_joki,2024-04-20 13:56 | Variasi: 1 Bulan,ribet,diaz_joki2024-04-20 13:56 | Variasi: 1 BulanribetMembantu?Laporkan Penyalahgunaan,3,Negatif
,2024-05-07 12:41 | Variasi: Lifetime,Gak sesuai ekspektasiUpdate Penilaian,z*****h2024-05-07 12:41 | Variasi: LifetimeGak sesuai ekspektasiUpdate PenilaianMembantu?Laporkan Penyalahgunaan,3,Negatif
ciptazain,2024-06-06 10:53 | Variasi: 1 Bulan,seller slow respon,ciptazain2024-06-06 10:53 | Variasi: 1 Bulanseller slow responMembantu?Laporkan Penyalahgunaan,3,Negatif
,2024-03-28 05:11 | Variasi: 3 Bulan,"Tiap hari ganti akun, tiap mau pakai harus minta kode via chat. Balasnya chat seminggu kemudian.","b*****i2024-03-28 05:11 | Variasi: 3 BulanTiap hari ganti akun, tiap mau pakai harus minta kode via chat. Balasnya chat seminggu kemudian.Membantu?Laporkan Penyalahgunaan",3,Negatif
,2024-03-04 06:01 | Variasi: 1 Bulan,slowrespon padahal online,e*****12024-03-04 06:01 | Variasi: 1 Bulanslowrespon padahal onlineMembantu?Laporkan Penyalahgunaan,3,Negatif
,2024-01-14 23:01 | Variasi: 1 Bulan,kebanyakan limit 0:0,t*****a2024-01-14 23:01 | Variasi: 1 Bulankebanyakan limit 0:04Membantu?Laporkan Penyalahgunaan,3,Negatif
yangsorasuptisa,2023-09-07 11:18 | Variasi: 1 Bulan,Fitur Terbaik: ahAh uh,yangsorasuptisa2023-09-07 11:18 | Variasi: 1 BulanFitur Terbaik: ahAh uhMembantu?Laporkan Penyalahgunaan,3,Negatif
,2024-03-04 06:01 | Variasi: 1 Bulan,slowrespon padahal online,e*****12024-03-04 06:01 | Variasi: 1 Bulanslowrespon padahal onlineMembantu?Laporkan Penyalahgunaan,3,Negatif
,2024-01-14 23:01 | Variasi: 1 Bulan,kebanyakan limit 0:0,t*****a2024-01-14 23:01 | Variasi: 1 Bulankebanyakan limit 0:04Membantu?Laporkan Penyalahgunaan,3,Negatif
yangsorasuptisa,2023-09-07 11:18 | Variasi: 1 Bulan,Fitur Terbaik: ahAh uh,yangsorasuptisa2023-09-07 11:18 | Variasi: 1 BulanFitur Terbaik: ahAh uhMembantu?Laporkan Penyalahgunaan,3,Negatif
agung_susanto_18,2023-12-30 19:32 | Variasi: 1 Bulan,"Perlu di perbaiki baik pelayanan ataupun jasa, ribet kalo apaÂ² terjadi kendala, tidak usah pake akunÂ² fake, sgala cara di halalkan. Ada harga ada kualitas.","agung_susanto_182023-12-30 19:32 | Variasi: 1 BulanPerlu di perbaiki baik pelayanan ataupun jasa, ribet kalo apaÂ² terjadi kendala, tidak usah pake akunÂ² fake, sgala cara di halalkan. Ada harga ada kualitas.1Laporkan Penyalahgunaan",2,Negatif
ridhorifal2,2024-07-08 10:40 | Variasi: 3 Bulan,"kurang bngt cuman bisa sekali doanh chatgpt plus after itu kena error di system mulu, admin selalu online tp ga dibales lagi","ridhorifal22024-07-08 10:40 | Variasi: 3 Bulankurang bngt cuman bisa sekali doanh chatgpt plus after itu kena error di system mulu, admin selalu online tp ga dibales lagiMembantu?Laporkan Penyalahgunaan",2,Negatif
rizkysabila07,2024-05-24 09:32 | Variasi: 1 Bulan,"cuma bisa beberapa hari doanggg, ga sampe 5 hariiiiii, pas ditanya juga gaada respon","rizkysabila072024-05-24 09:32 | Variasi: 1 Bulancuma bisa beberapa hari doanggg, ga sampe 5 hariiiiii, pas ditanya juga gaada responMembantu?Laporkan Penyalahgunaan",2,Negatif
byebuyme,2024-05-20 12:07 | Variasi: 1 Bulan,"Baru sekali pake langsung error, katanya ada garansi tapi chat sampe sekarang blm dibales, tlg dong tanggung jawabnyağŸ¥²","byebuyme2024-05-20 12:07 | Variasi: 1 BulanBaru sekali pake langsung error, katanya ada garansi tapi chat sampe sekarang blm dibales, tlg dong tanggung jawabnyağŸ¥²Membantu?Laporkan Penyalahgunaan",2,Negatif
6s_10fb6aw,2024-09-21 08:30 | Variasi: 1 Bulan,"Fungsi: baik, lamus(lancar dan mulus)Desain: okPenggunaan: sangat layakmantul pokoknyaUpdate Penilaianno respon","6s_10fb6aw2024-09-21 08:30 | Variasi: 1 BulanFungsi: baik, lamus(lancar dan mulus)Desain: okPenggunaan: sangat layakmantul pokoknyaUpdate Penilaianno responMembantu?Laporkan Penyalahgunaan",2,Negatif
,2024-03-06 10:01 | Variasi: 1 Bulan,"bagus bisa dibuat langganan, cht gpt work toppp lahh pokoknya 0:04Update Penilaianpelayanan ","a*****32024-03-06 10:01 | Variasi: 1 Bulanbagus bisa dibuat langganan, cht gpt work toppp lahh pokoknya 0:04Update Penilaianpelayanan 0Membantu?Laporkan Penyalahgunaan",2,Negatif
,2024-10-04 09:37 | Variasi: 1 Bulan,"Penggunaan: Penggunaan terbatasSehari pake lancar, besoknya udah gabisa. Padahal jarang pake.","q*****p2024-10-04 09:37 | Variasi: 1 BulanPenggunaan: Penggunaan terbatasSehari pake lancar, besoknya udah gabisa. Padahal jarang pake.Membantu?Laporkan Penyalahgunaan",2,Negatif
goodtimeforme,2024-02-19 19:06 | Variasi: 1 Bulan,"Kebanyakan user, kuota ga kebagian, mending pikir pikir lagi deh mau beli wkwkwkwk, not worth","goodtimeforme2024-02-19 19:06 | Variasi: 1 BulanKebanyakan user, kuota ga kebagian, mending pikir pikir lagi deh mau beli wkwkwkwk, not worthMembantu?Laporkan Penyalahgunaan",2,Negatif
albirkarim1,2024-01-22 09:11 | Variasi: 1 Bulan,Gpt 4 nya udh kepake mulu,albirkarim12024-01-22 09:11 | Variasi: 1 BulanGpt 4 nya udh kepake muluMembantu?Laporkan Penyalahgunaan,2,Negatif
ikhsanch,2024-09-21 07:18 | Variasi: 1 Bulan,"Bagus, tapi terlalu banyak penggunanya sampe gabisa digunain","ikhsanch2024-09-21 07:18 | Variasi: 1 BulanBagus, tapi terlalu banyak penggunanya sampe gabisa digunainMembantu?Laporkan Penyalahgunaan",2,Negatif
ramdhani1313,2023-12-13 18:27 | Variasi: 1 Bulan,Kelimit terus sama orang lain jadi percuma gakbisa pake gpt ,ramdhani13132023-12-13 18:27 | Variasi: 1 BulanKelimit terus sama orang lain jadi percuma gakbisa pake gpt 4Membantu?Laporkan Penyalahgunaan,2,Negatif
,2024-05-27 06:11 | Variasi: 1 Bulan,"Pengguna nya slow resp, jadinya ga kepake chat gpt yang udah dibeli","a*****s2024-05-27 06:11 | Variasi: 1 BulanPengguna nya slow resp, jadinya ga kepake chat gpt yang udah dibeliMembantu?Laporkan Penyalahgunaan",2,Negatif
,2024-11-07 19:15 | Variasi: 1 Bulan,Fungsi: memang aiDesain: aiPenggunaan: bukan chat gpt Voicetidak login ke aplikasi chat gpt.,m*****m2024-11-07 19:15 | Variasi: 1 BulanFungsi: memang aiDesain: aiPenggunaan: bukan chat gpt Voicetidak login ke aplikasi chat gpt.Membantu?Laporkan Penyalahgunaan,2,Negatif
,2024-07-06 12:18 | Variasi: 3 Bulan,"Beli 3 bulan  1 bulan okey dikasih akun  Untuk bulan berikutnya dikasih bukan akun chat gpt ., dikasih akun lain ., alasan nya akun chat gpt sedang error ., nyoba beli pake akun shopee lain dikasih lah akun chat gpt ., hemm","3*****o2024-07-06 12:18 | Variasi: 3 BulanBeli 3 bulan  1 bulan okey dikasih akun  Untuk bulan berikutnya dikasih bukan akun chat gpt ., dikasih akun lain ., alasan nya akun chat gpt sedang error ., nyoba beli pake akun shopee lain dikasih lah akun chat gpt ., hemmMembantu?Laporkan Penyalahgunaan",2,Negatif
,2024-07-03 21:54 | Variasi: 1 Bulan,bisa lebih baik ya pelayanannya,o*****i2024-07-03 21:54 | Variasi: 1 Bulanbisa lebih baik ya pelayanannyaMembantu?Laporkan Penyalahgunaan,2,Negatif
,2024-03-30 18:57 | Variasi: 1 Bulan,"sering error dan selalu disuruh ganti akun tapi saja tetep error, tolong ditingkatkan lagi ğŸ™ğŸ»","w*****i2024-03-30 18:57 | Variasi: 1 Bulansering error dan selalu disuruh ganti akun tapi saja tetep error, tolong ditingkatkan lagi ğŸ™ğŸ»Membantu?Laporkan Penyalahgunaan",2,Negatif
afham_pratama,2024-07-18 10:34 | Variasi: 1 Bulan,"tidak bisa dipakai, terlalu ramai pengguna","afham_pratama2024-07-18 10:34 | Variasi: 1 Bulantidak bisa dipakai, terlalu ramai penggunaMembantu?Laporkan Penyalahgunaan",2,Negatif
rainkaaa,2024-10-31 07:00 | Variasi: 1 Bulan,web chat bot ini bukan OPEN AI,rainkaaa2024-10-31 07:00 | Variasi: 1 Bulanweb chat bot ini bukan OPEN AIMembantu?Laporkan Penyalahgunaan,2,Negatif
nurcholisramlan,2023-06-06 22:10 | Variasi: 1 Bulan,Sudah gak bisa digunakan lagi ğŸ¥²,nurcholisramlan2023-06-06 22:10 | Variasi: 1 BulanSudah gak bisa digunakan lagi ğŸ¥²Membantu?Laporkan Penyalahgunaan,2,Negatif
muhamadmansur77,2023-05-11 08:26 | Variasi: 3 Bulan,Perlu diupdate,muhamadmansur772023-05-11 08:26 | Variasi: 3 BulanPerlu diupdateMembantu?Laporkan Penyalahgunaan,2,Negatif
andiher54,2024-07-24 10:52 | Variasi: 1 Bulan,"Bukan akun chatgpt, melainkan akun bot ai lain.","andiher542024-07-24 10:52 | Variasi: 1 BulanBukan akun chatgpt, melainkan akun bot ai lain.Membantu?Laporkan Penyalahgunaan",2,Negatif
mragusmuliana,2024-11-09 13:08 | Variasi: 1 Bulan,"Ini akun share, lebih sering ga bisa dipakai karena limit","mragusmuliana2024-11-09 13:08 | Variasi: 1 BulanIni akun share, lebih sering ga bisa dipakai karena limitMembantu?Laporkan Penyalahgunaan",2,Negatif
erfangazali,2023-12-03 21:26 | Variasi: 1 Bulan,joss pokoEUpdate Penilaianawalnya sih lancar tetapi beberapa kali pemakaian akun tidak bisa diakses. sampai 4 kali ganti akun semua disuspend minta yang 5 kali.. malah dicuekkin padahal belum habis masa pemakaian..,erfangazali2023-12-03 21:26 | Variasi: 1 Bulanjoss pokoEUpdate Penilaianawalnya sih lancar tetapi beberapa kali pemakaian akun tidak bisa diakses. sampai 4 kali ganti akun semua disuspend minta yang 5 kali.. malah dicuekkin padahal belum habis masa pemakaian..Membantu?Laporkan Penyalahgunaan,2,Negatif
ggrrraawwss,2023-09-26 14:00 | Variasi: 1 Bulan,Sepadan dengan Harga: sama aja kaya sign up biasapada akhirnya ChatGPT 4 nya dari beberapa hari kemarin coba ga kebagian sama sekali sangking sharing sama banyak orang. ya pada akhir nya kebagian yang default 3.5 aja.,ggrrraawwss2023-09-26 14:00 | Variasi: 1 BulanSepadan dengan Harga: sama aja kaya sign up biasapada akhirnya ChatGPT 4 nya dari beberapa hari kemarin coba ga kebagian sama sekali sangking sharing sama banyak orang. ya pada akhir nya kebagian yang default 3.5 aja.3Laporkan Penyalahgunaan,2,Negatif
haidarhaidar707,2024-11-09 21:21 | Variasi: 1 Bulan,Ternyata dipake sama banyak orang,haidarhaidar7072024-11-09 21:21 | Variasi: 1 BulanTernyata dipake sama banyak orang1Laporkan Penyalahgunaan,2,Negatif
rikfantokarya,2023-11-03 10:22 | Variasi: 1 Bulan,Sering tidak bisa digunakan.,rikfantokarya2023-11-03 10:22 | Variasi: 1 BulanSering tidak bisa digunakan.Membantu?Laporkan Penyalahgunaan,2,Negatif
auliaraniiiiii,2024-07-12 08:05 | Variasi: 1 Bulan,Update Penilaianjarang bgt kepakeee karna ai nya lebih banyak jawab gatau jawaban wkwk dan jawaban yg diberikan pun kurang akurat ,auliaraniiiiii2024-07-12 08:05 | Variasi: 1 BulanUpdate Penilaianjarang bgt kepakeee karna ai nya lebih banyak jawab gatau jawaban wkwk dan jawaban yg diberikan pun kurang akurat Membantu?Laporkan Penyalahgunaan,2,Negatif
alda__nabila,2024-06-02 20:41 | Variasi: 1 Bulan,"Update PenilaianDahlah, kecewa. Sering bermasalah, lowresp. Claim garansi tapi akun yang dikasih bukan chat gpt, tapi ai lain. Cukuplah sampe sini aja, bye","alda__nabila2024-06-02 20:41 | Variasi: 1 BulanUpdate PenilaianDahlah, kecewa. Sering bermasalah, lowresp. Claim garansi tapi akun yang dikasih bukan chat gpt, tapi ai lain. Cukuplah sampe sini aja, byeMembantu?Laporkan Penyalahgunaan",2,Negatif
,2024-06-02 16:31 | Variasi: 3 Bulan,"Update Penilaianawalnya baik baik aja, tpi gptnya gk bisa login lagi, udah menghubungi admin tapi malah di kasih ai lainğŸ˜”. ","a*****t2024-06-02 16:31 | Variasi: 3 BulanUpdate Penilaianawalnya baik baik aja, tpi gptnya gk bisa login lagi, udah menghubungi admin tapi malah di kasih ai lainğŸ˜”. 1Laporkan Penyalahgunaan",2,Negatif
pingkyafseherina,2023-09-10 09:51 | Variasi: 1 Bulan,Update PenilaianMaaf di ubah ini belum 1 bulan tapi kok udah ga bisa di pake aja ,pingkyafseherina2023-09-10 09:51 | Variasi: 1 BulanUpdate PenilaianMaaf di ubah ini belum 1 bulan tapi kok udah ga bisa di pake aja Membantu?Laporkan Penyalahgunaan,2,Negatif
,2024-02-11 23:53 | Variasi: 1 Bulan,"Capeeee bgttt, ini murah yaaa but aahhh sudahlah Ini kyknya satu akun yg pake 50 org maybee? Seringgg bgt ganti-ganti pw sama email! Padahal itu msh waktu langganan jadinya di waktu butuh mau pake hrus cht  admin lgi minta pw dn email baru dan itu lama bgt di responn Jadinya aku jarang bgt pake karena emang most of the time gabisa dipakee karena apa? Yess kebnykn akun yg pakee Saran buat temen-temen mending beli langsung yang privat dari cht gpt nyaa jgn tergiur harga murahh kalo ujung-ujungnya ga di pake jg kyk gini58","b*****a2024-02-11 23:53 | Variasi: 1 BulanCapeeee bgttt, ini murah yaaa but aahhh sudahlah Ini kyknya satu akun yg pake 50 org maybee? Seringgg bgt ganti-ganti pw sama email! Padahal itu msh waktu langganan jadinya di waktu butuh mau pake hrus cht  admin lgi minta pw dn email baru dan itu lama bgt di responn Jadinya aku jarang bgt pake karena emang most of the time gabisa dipakee karena apa? Yess kebnykn akun yg pakee Saran buat temen-temen mending beli langsung yang privat dari cht gpt nyaa jgn tergiur harga murahh kalo ujung-ujungnya ga di pake jg kyk gini582Laporkan Penyalahgunaan",1,Negatif
sukrisebatik493,2023-08-03 01:20 | Variasi: 1 Bulan,"Sepadan dengan Harga: Gak smpai 10 hari udah gk bsa d akses, akun d hapus... padahal katanya sebulan.4","sukrisebatik4932023-08-03 01:20 | Variasi: 1 BulanSepadan dengan Harga: Gak smpai 10 hari udah gk bsa d akses, akun d hapus... padahal katanya sebulan.40Laporkan Penyalahgunaan",1,Negatif
,2023-06-06 11:47 | Variasi: 1 Bulan,"Baru dipake bentar udh ga bisa log in, ga ada respon dari penjual. Sangat merugikan3","b*****12023-06-06 11:47 | Variasi: 1 BulanBaru dipake bentar udh ga bisa log in, ga ada respon dari penjual. Sangat merugikan30Laporkan Penyalahgunaan",1,Negatif
afif1001,2023-08-02 23:43 | Variasi: 1 Bulan,PENJUAL TIDAK BERTANGGUNG JAWAB YAH !!!  JANGAN PERNAH BELI DISINI .. CHAT GPT YANG DIBERIKA TIDAK PERNAH BAGUS2,afif10012023-08-02 23:43 | Variasi: 1 BulanPENJUAL TIDAK BERTANGGUNG JAWAB YAH !!!  JANGAN PERNAH BELI DISINI .. CHAT GPT YANG DIBERIKA TIDAK PERNAH BAGUS24Laporkan Penyalahgunaan,1,Negatif
,2023-10-17 21:05 | Variasi: 1 Bulan,Tidak puas. ChatGPT Plus ga bisa dipakai. Maksimal cuma bisa 2 menit bahkan sering ga sampe 1 menit udah kena limit. Sepertinya seller memasukkan terlalu banyak orang ke dalam satu akun sehingga cepat kena limit.1,y*****x2023-10-17 21:05 | Variasi: 1 BulanTidak puas. ChatGPT Plus ga bisa dipakai. Maksimal cuma bisa 2 menit bahkan sering ga sampe 1 menit udah kena limit. Sepertinya seller memasukkan terlalu banyak orang ke dalam satu akun sehingga cepat kena limit.19Laporkan Penyalahgunaan,1,Negatif
litaoktavia897,2024-01-08 18:17 | Variasi: 1 Bulan,PENIPUUUUUUU JANGAN PERNAH MAU BELI DI TOKO INI!!!!!!! CHAT GA DI RESPON DAN EMAIL GA DIKIRIM.. PENIPUUUU!!!!! BINTANG SATU1,litaoktavia8972024-01-08 18:17 | Variasi: 1 BulanPENIPUUUUUUU JANGAN PERNAH MAU BELI DI TOKO INI!!!!!!! CHAT GA DI RESPON DAN EMAIL GA DIKIRIM.. PENIPUUUU!!!!! BINTANG SATU12Laporkan Penyalahgunaan,1,Negatif
,2024-01-30 14:58 | Variasi: 1 Bulan,"Ga usah beli disini satu akunnya aja ada 100 orang kayaknya yg make, baru siap 3 jam gpt 4 udh kehabisan duluan. Gua beli paket sebulan, belum genap sebulan udh kaga bisa dipakek, terus adminnya ga merespon lagi. Nyesel banget sumpah.1","r*****a2024-01-30 14:58 | Variasi: 1 BulanGa usah beli disini satu akunnya aja ada 100 orang kayaknya yg make, baru siap 3 jam gpt 4 udh kehabisan duluan. Gua beli paket sebulan, belum genap sebulan udh kaga bisa dipakek, terus adminnya ga merespon lagi. Nyesel banget sumpah.12Laporkan Penyalahgunaan",1,Negatif
rkybzsy5tt,2024-01-14 21:27 | Variasi: 1 Bulan,"Ati ati aja ini mereka ga punya tanggung jawab, diawal nanggepin nya cepet abis bayar minta password atau komplain susah bngt. Dilempar suruh nge wa abis di wa ga bales2 juga, di chat lewat shoppe juga ga bales2. Akunnya tiba2 suka nutup sndiri kita minta penggantinya lama banget dikasih nya1","rkybzsy5tt2024-01-14 21:27 | Variasi: 1 BulanAti ati aja ini mereka ga punya tanggung jawab, diawal nanggepin nya cepet abis bayar minta password atau komplain susah bngt. Dilempar suruh nge wa abis di wa ga bales2 juga, di chat lewat shoppe juga ga bales2. Akunnya tiba2 suka nutup sndiri kita minta penggantinya lama banget dikasih nya11Laporkan Penyalahgunaan",1,Negatif
zayyanrakhman,2024-03-21 10:36 | Variasi: Lifetime,"slow respon, dikasih akun baru, minta verif terus, beli lifetime dapet rugi saja, sekali pakai 1-2 menit limit, dah gitu minta akun baru aja dibalesnya bisa nunggu buka puasa.  UPDATE! sekarang saya di block tidak bisa minta akses kode lagi, beli lifetime mahal2 malah kena blockUpdate PenilaianUpdate lagi: error system lama katanya, dikamarin berminggu2 kemudian. Beli lifetime diancam kalo mau pake harus ubah penilaian saya yg jujur. Bener seperti kata yang lain, ikhlasin aja buat pembelajaran ğŸ™1","zayyanrakhman2024-03-21 10:36 | Variasi: Lifetimeslow respon, dikasih akun baru, minta verif terus, beli lifetime dapet rugi saja, sekali pakai 1-2 menit limit, dah gitu minta akun baru aja dibalesnya bisa nunggu buka puasa.  UPDATE! sekarang saya di block tidak bisa minta akses kode lagi, beli lifetime mahal2 malah kena blockUpdate PenilaianUpdate lagi: error system lama katanya, dikamarin berminggu2 kemudian. Beli lifetime diancam kalo mau pake harus ubah penilaian saya yg jujur. Bener seperti kata yang lain, ikhlasin aja buat pembelajaran ğŸ™19Laporkan Penyalahgunaan",1,Negatif
oongfatur,2024-05-30 07:22 | Variasi: 1 Bulan,Penjual tdk amanah. Beli chatgpt dapatnya wrtn.ai komplain tdk direspon. Silahkan cek bukti berupa ss sayaUpdate Penilaian,oongfatur2024-05-30 07:22 | Variasi: 1 BulanPenjual tdk amanah. Beli chatgpt dapatnya wrtn.ai komplain tdk direspon. Silahkan cek bukti berupa ss sayaUpdate Penilaian5Laporkan Penyalahgunaan,1,Negatif
,2024-02-05 14:08 | Variasi: 1 Bulan,"Bad service, sharing. Cuma bisa dipakai 1 kali per 3 jam, bikin pusing kepala.","m*****l2024-02-05 14:08 | Variasi: 1 BulanBad service, sharing. Cuma bisa dipakai 1 kali per 3 jam, bikin pusing kepala.4Laporkan Penyalahgunaan",1,Negatif
,2024-07-01 11:33 | Variasi: 1 Bulan,"Fungsi: SAYA KETIPU. Ini bukan ChatGPT, tpi website pihak ketiga yaitu Chatbot, fungsinya malah lebih sdikit dari ChatGPT asli, dan akun yg dikasi memang tidak bisa login di ChatGPT asliKatanya ChatGPT Plus Premium, bahkan di websitenya ada pakai embel2 GPT-4 dan GPT-4o. Eh pas saya coba kok kyk kurang aja rasanya dri jawabannya, trus saya tanya pakai bhasa pemrograman apa? eh dia jawab masih pakai GPT-3 itu kan udh jadul bgt. Jadi pesan sya hati2 aja kalau udh murah udh pasti kualitasnya murah jga jgn mudah ketipu. Saya paham yg begini2an","a*****n2024-07-01 11:33 | Variasi: 1 BulanFungsi: SAYA KETIPU. Ini bukan ChatGPT, tpi website pihak ketiga yaitu Chatbot, fungsinya malah lebih sdikit dari ChatGPT asli, dan akun yg dikasi memang tidak bisa login di ChatGPT asliKatanya ChatGPT Plus Premium, bahkan di websitenya ada pakai embel2 GPT-4 dan GPT-4o. Eh pas saya coba kok kyk kurang aja rasanya dri jawabannya, trus saya tanya pakai bhasa pemrograman apa? eh dia jawab masih pakai GPT-3 itu kan udh jadul bgt. Jadi pesan sya hati2 aja kalau udh murah udh pasti kualitasnya murah jga jgn mudah ketipu. Saya paham yg begini2an5Laporkan Penyalahgunaan",1,Negatif
,2024-01-30 14:58 | Variasi: 1 Bulan,"Ga usah beli disini satu akunnya aja ada 100 orang kayaknya yg make, baru siap 3 jam gpt 4 udh kehabisan duluan. Gua beli paket sebulan, belum genap sebulan udh kaga bisa dipakek, terus adminnya ga merespon lagi. Nyesel banget sumpah.1","r*****a2024-01-30 14:58 | Variasi: 1 BulanGa usah beli disini satu akunnya aja ada 100 orang kayaknya yg make, baru siap 3 jam gpt 4 udh kehabisan duluan. Gua beli paket sebulan, belum genap sebulan udh kaga bisa dipakek, terus adminnya ga merespon lagi. Nyesel banget sumpah.12Laporkan Penyalahgunaan",1,Negatif
rkybzsy5tt,2024-01-14 21:27 | Variasi: 1 Bulan,"Ati ati aja ini mereka ga punya tanggung jawab, diawal nanggepin nya cepet abis bayar minta password atau komplain susah bngt. Dilempar suruh nge wa abis di wa ga bales2 juga, di chat lewat shoppe juga ga bales2. Akunnya tiba2 suka nutup sndiri kita minta penggantinya lama banget dikasih nya1","rkybzsy5tt2024-01-14 21:27 | Variasi: 1 BulanAti ati aja ini mereka ga punya tanggung jawab, diawal nanggepin nya cepet abis bayar minta password atau komplain susah bngt. Dilempar suruh nge wa abis di wa ga bales2 juga, di chat lewat shoppe juga ga bales2. Akunnya tiba2 suka nutup sndiri kita minta penggantinya lama banget dikasih nya11Laporkan Penyalahgunaan",1,Negatif
zayyanrakhman,2024-03-21 10:36 | Variasi: Lifetime,"slow respon, dikasih akun baru, minta verif terus, beli lifetime dapet rugi saja, sekali pakai 1-2 menit limit, dah gitu minta akun baru aja dibalesnya bisa nunggu buka puasa.  UPDATE! sekarang saya di block tidak bisa minta akses kode lagi, beli lifetime mahal2 malah kena blockUpdate PenilaianUpdate lagi: error system lama katanya, dikamarin berminggu2 kemudian. Beli lifetime diancam kalo mau pake harus ubah penilaian saya yg jujur. Bener seperti kata yang lain, ikhlasin aja buat pembelajaran ğŸ™1","zayyanrakhman2024-03-21 10:36 | Variasi: Lifetimeslow respon, dikasih akun baru, minta verif terus, beli lifetime dapet rugi saja, sekali pakai 1-2 menit limit, dah gitu minta akun baru aja dibalesnya bisa nunggu buka puasa.  UPDATE! sekarang saya di block tidak bisa minta akses kode lagi, beli lifetime mahal2 malah kena blockUpdate PenilaianUpdate lagi: error system lama katanya, dikamarin berminggu2 kemudian. Beli lifetime diancam kalo mau pake harus ubah penilaian saya yg jujur. Bener seperti kata yang lain, ikhlasin aja buat pembelajaran ğŸ™19Laporkan Penyalahgunaan",1,Negatif
oongfatur,2024-05-30 07:22 | Variasi: 1 Bulan,Penjual tdk amanah. Beli chatgpt dapatnya wrtn.ai komplain tdk direspon. Silahkan cek bukti berupa ss sayaUpdate Penilaian,oongfatur2024-05-30 07:22 | Variasi: 1 BulanPenjual tdk amanah. Beli chatgpt dapatnya wrtn.ai komplain tdk direspon. Silahkan cek bukti berupa ss sayaUpdate Penilaian5Laporkan Penyalahgunaan,1,Negatif
,2024-02-05 14:08 | Variasi: 1 Bulan,"Bad service, sharing. Cuma bisa dipakai 1 kali per 3 jam, bikin pusing kepala.","m*****l2024-02-05 14:08 | Variasi: 1 BulanBad service, sharing. Cuma bisa dipakai 1 kali per 3 jam, bikin pusing kepala.4Laporkan Penyalahgunaan",1,Negatif
,2024-07-01 11:33 | Variasi: 1 Bulan,"Fungsi: SAYA KETIPU. Ini bukan ChatGPT, tpi website pihak ketiga yaitu Chatbot, fungsinya malah lebih sdikit dari ChatGPT asli, dan akun yg dikasi memang tidak bisa login di ChatGPT asliKatanya ChatGPT Plus Premium, bahkan di websitenya ada pakai embel2 GPT-4 dan GPT-4o. Eh pas saya coba kok kyk kurang aja rasanya dri jawabannya, trus saya tanya pakai bhasa pemrograman apa? eh dia jawab masih pakai GPT-3 itu kan udh jadul bgt. Jadi pesan sya hati2 aja kalau udh murah udh pasti kualitasnya murah jga jgn mudah ketipu. Saya paham yg begini2an","a*****n2024-07-01 11:33 | Variasi: 1 BulanFungsi: SAYA KETIPU. Ini bukan ChatGPT, tpi website pihak ketiga yaitu Chatbot, fungsinya malah lebih sdikit dari ChatGPT asli, dan akun yg dikasi memang tidak bisa login di ChatGPT asliKatanya ChatGPT Plus Premium, bahkan di websitenya ada pakai embel2 GPT-4 dan GPT-4o. Eh pas saya coba kok kyk kurang aja rasanya dri jawabannya, trus saya tanya pakai bhasa pemrograman apa? eh dia jawab masih pakai GPT-3 itu kan udh jadul bgt. Jadi pesan sya hati2 aja kalau udh murah udh pasti kualitasnya murah jga jgn mudah ketipu. Saya paham yg begini2an5Laporkan Penyalahgunaan",1,Negatif
abdil_fadly,2023-06-15 06:19 | Variasi: 1 Bulan,"Baru di pake beberapa hari udah nga bisa login, email ama password salahrespon penjual:Pembeli di dalam 1 group mw rusakin lapak kami.   Jgn iri sampe kyk gini jg.1","abdil_fadly2023-06-15 06:19 | Variasi: 1 BulanBaru di pake beberapa hari udah nga bisa login, email ama password salahrespon penjual:Pembeli di dalam 1 group mw rusakin lapak kami.   Jgn iri sampe kyk gini jg.12Laporkan Penyalahgunaan",1,Negatif
rafhanirosyidah,2023-08-13 08:58 | Variasi: 1 Bulan,Barang tdk pernah saya terima dan tdk ada bukti penerimaan tp tibaÂ² tertulis telah sampai2,rafhanirosyidah2023-08-13 08:58 | Variasi: 1 BulanBarang tdk pernah saya terima dan tdk ada bukti penerimaan tp tibaÂ² tertulis telah sampai22Laporkan Penyalahgunaan,1,Negatif
rifuhaing,2024-10-31 09:55 | Variasi: 1 Bulan,Fungsi: erorDesain: jelekPenggunaan: tidak bisa di gunakan secara normalsatu akun untuk semua jadinya gini,rifuhaing2024-10-31 09:55 | Variasi: 1 BulanFungsi: erorDesain: jelekPenggunaan: tidak bisa di gunakan secara normalsatu akun untuk semua jadinya giniMembantu?Laporkan Penyalahgunaan,1,Negatif
,2024-11-03 01:10 | Variasi: 1 Bulan,Fungsi: TIDAK AMANAHSUMPAH DEMI APAPUN GAUSAH PESEN DISINI LAGI ADMINNYA GA AMANAH SAMA SEKALI SLOW RESPON BANGET DI CHAT MALAH DIANYA BALIK MARAH ğŸ‘ğŸ»ğŸ‘ğŸ»ğŸ‘ğŸ»ğŸ‘ğŸ»,h*****32024-11-03 01:10 | Variasi: 1 BulanFungsi: TIDAK AMANAHSUMPAH DEMI APAPUN GAUSAH PESEN DISINI LAGI ADMINNYA GA AMANAH SAMA SEKALI SLOW RESPON BANGET DI CHAT MALAH DIANYA BALIK MARAH ğŸ‘ğŸ»ğŸ‘ğŸ»ğŸ‘ğŸ»ğŸ‘ğŸ»Membantu?Laporkan Penyalahgunaan,1,Negatif
imamramdhania,2024-10-08 06:31 | Variasi: 3 Bulan,"Beda dengan chatgpt asli, sering error harus nunggu karena overload","imamramdhania2024-10-08 06:31 | Variasi: 3 BulanBeda dengan chatgpt asli, sering error harus nunggu karena overload1Laporkan Penyalahgunaan",1,Negatif
,2024-10-31 09:34 | Variasi: 3 Bulan,"Fungsi: Very BadPenggunaan: BadSaran ku beli di toko yg trusted aja, setuju banget sm yg kasih bintang 1, kalo ada opsi bintang 0 mungkin gua bakal kasi bintang 0. Pembelian pertama masih sabar gue, pembelian kedua uda capr banget, gonta ganti password, mana gitu admin slowrespon. Urgent banget jadi gue kesel, low quality bgt lah","_*****_2024-10-31 09:34 | Variasi: 3 BulanFungsi: Very BadPenggunaan: BadSaran ku beli di toko yg trusted aja, setuju banget sm yg kasih bintang 1, kalo ada opsi bintang 0 mungkin gua bakal kasi bintang 0. Pembelian pertama masih sabar gue, pembelian kedua uda capr banget, gonta ganti password, mana gitu admin slowrespon. Urgent banget jadi gue kesel, low quality bgt lahMembantu?Laporkan Penyalahgunaan",1,Negatif
diendi.a,2024-10-25 11:14 | Variasi: 1 Bulan,"Ketipu, ini bukan chat gpt tapi chatbot ai, daya g minta dikembalikan dana tapi saya mau kasih tau kalau menjual barang itu yang jujur y.","diendi.a2024-10-25 11:14 | Variasi: 1 BulanKetipu, ini bukan chat gpt tapi chatbot ai, daya g minta dikembalikan dana tapi saya mau kasih tau kalau menjual barang itu yang jujur y.1Laporkan Penyalahgunaan",1,Negatif
,2023-04-14 00:08 | Variasi: 1 Bulan,overshared belum sebulan juga udah gabisa dipake lagi2,m*****a2023-04-14 00:08 | Variasi: 1 Bulanovershared belum sebulan juga udah gabisa dipake lagi21Laporkan Penyalahgunaan,1,Negatif
muh.ashif13,2023-09-10 21:43 | Variasi: 1 Bulan,Sepadan dengan Harga:Tidak Fitur Terbaik:Tidak  Tidak bisa dipakai password nya sudah digantiUpdate Penilaian1,muh.ashif132023-09-10 21:43 | Variasi: 1 BulanSepadan dengan Harga:Tidak Fitur Terbaik:Tidak  Tidak bisa dipakai password nya sudah digantiUpdate Penilaian14Laporkan Penyalahgunaan,1,Negatif
,2023-08-06 09:48 | Variasi: 1 Bulan,"Hati-hati, penjual penipu, belum sampai sebulan akun sudah tidak aktif !!!respon penjual:Anda sendiri yg gak mau garansi, yg salah siapa ?1","t*****a2023-08-06 09:48 | Variasi: 1 BulanHati-hati, penjual penipu, belum sampai sebulan akun sudah tidak aktif !!!respon penjual:Anda sendiri yg gak mau garansi, yg salah siapa ?14Laporkan Penyalahgunaan",1,Negatif
dhotasi,2023-08-21 15:51 | Variasi: 3 Bulan,Menghilang tanpa jejak... janjinya 3 bulan...1,dhotasi2023-08-21 15:51 | Variasi: 3 BulanMenghilang tanpa jejak... janjinya 3 bulan...10Laporkan Penyalahgunaan,1,Negatif
,2023-12-18 20:00 | Variasi: 1 Bulan,Selalu reached current cap dan harus menunggu 1 jam lebih supaya bisa promt kembali.,r*****m2023-12-18 20:00 | Variasi: 1 BulanSelalu reached current cap dan harus menunggu 1 jam lebih supaya bisa promt kembali.3Laporkan Penyalahgunaan,1,Negatif
bang_irz,2023-12-12 22:35 | Variasi: Lifetime,Akun tdk bisa digunakan dgn baik.,bang_irz2023-12-12 22:35 | Variasi: LifetimeAkun tdk bisa digunakan dgn baik.3Laporkan Penyalahgunaan,1,Negatif
harry_arya12,2024-08-19 12:31 | Variasi: 1 Bulan,Makeknya gpt yang dikunakan masih 3.5 dan berame,harry_arya122024-08-19 12:31 | Variasi: 1 BulanMakeknya gpt yang dikunakan masih 3.5 dan berame2Laporkan Penyalahgunaan,1,Negatif
sonihrtdi,2024-08-20 22:16 | Variasi: 1 Bulan,"Web Mirror, KW, bukan asli","sonihrtdi2024-08-20 22:16 | Variasi: 1 BulanWeb Mirror, KW, bukan asli2Laporkan Penyalahgunaan",1,Negatif
,2024-02-11 01:30 | Variasi: 1 Bulan,Terlalu sering tiba tiba akun ga pro,k*****e2024-02-11 01:30 | Variasi: 1 BulanTerlalu sering tiba tiba akun ga pro2Laporkan Penyalahgunaan,1,Negatif
aziz_101,2024-07-07 22:23 | Variasi: 1 Bulan,Fungsi: ğŸ‘Desain: ğŸ‘Penggunaan: ğŸ‘Bukan akun asli ChatGPT,aziz_1012024-07-07 22:23 | Variasi: 1 BulanFungsi: ğŸ‘Desain: ğŸ‘Penggunaan: ğŸ‘Bukan akun asli ChatGPT2Laporkan Penyalahgunaan,1,Negatif
umar_haq,2023-11-20 15:49 | Variasi: 3 Bulan,"Update PenilaianCuma bisa sebulan, setelah itu gak bisa Padahal saya beli yang 3 bulan  Semoga seller bertanggungjawab Segera saya ganti ratingnya Jika seller tanggung jawab","umar_haq2023-11-20 15:49 | Variasi: 3 BulanUpdate PenilaianCuma bisa sebulan, setelah itu gak bisa Padahal saya beli yang 3 bulan  Semoga seller bertanggungjawab Segera saya ganti ratingnya Jika seller tanggung jawab5Laporkan Penyalahgunaan",1,Negatif
ary139,2023-08-07 20:19 | Variasi: 1 Bulan,Udah 3x ganti akun selalu kena limit,ary1392023-08-07 20:19 | Variasi: 1 BulanUdah 3x ganti akun selalu kena limit9Laporkan Penyalahgunaan,1,Negatif
farhanharyadi99,2023-12-27 15:27 | Variasi: 1 Bulan,Gabisa dipake,farhanharyadi992023-12-27 15:27 | Variasi: 1 BulanGabisa dipake3Laporkan Penyalahgunaan,1,Negatif
yudhaelfama,2024-01-04 11:43 | Variasi: 1 Bulan,Burika ah,yudhaelfama2024-01-04 11:43 | Variasi: 1 BulanBurika ah2Laporkan Penyalahgunaan,1,Negatif
kunzx404,2023-06-01 11:39 | Variasi: 1 Bulan,busuk dipake banyak orang gk bisa dipake,kunzx4042023-06-01 11:39 | Variasi: 1 Bulanbusuk dipake banyak orang gk bisa dipake8Laporkan Penyalahgunaan,1,Negatif
anwar29mei,2024-11-07 19:28 | Variasi: 1 Bulan,Fungsi: produk tidak bisa digunakanDesain: admin lambat membalas,anwar29mei2024-11-07 19:28 | Variasi: 1 BulanFungsi: produk tidak bisa digunakanDesain: admin lambat membalasMembantu?Laporkan Penyalahgunaan,1,Negatif
,2024-03-30 11:29 | Variasi: 1 Bulan,baikUpdate Penilaianslowresp parah ,t*****a2024-03-30 11:29 | Variasi: 1 BulanbaikUpdate Penilaianslowresp parah 2Laporkan Penyalahgunaan,1,Negatif
,2023-12-12 20:18 | Variasi: 1 Bulan,MantapUpdate PenilaianDahlah nyesal..,m*****r2023-12-12 20:18 | Variasi: 1 BulanMantapUpdate PenilaianDahlah nyesal..1Laporkan Penyalahgunaan,1,Negatif
,2023-12-25 18:47 | Variasi: 1 Bulan,gabisa dipakai sama sekali krn limit,a*****x2023-12-25 18:47 | Variasi: 1 Bulangabisa dipakai sama sekali krn limit1Laporkan Penyalahgunaan,1,Negatif
k1_5txiouw,2024-10-18 11:03 | Variasi: 1 Bulan,tidak memberikan solusi,k1_5txiouw2024-10-18 11:03 | Variasi: 1 Bulantidak memberikan solusi1Laporkan Penyalahgunaan,1,Negatif
syifasyauqiyah_15,2024-11-02 12:10 | Variasi: 1 Bulan,gabisa di gunain untuk scan foto,syifasyauqiyah_152024-11-02 12:10 | Variasi: 1 Bulangabisa di gunain untuk scan fotoMembantu?Laporkan Penyalahgunaan,1,Negatif
,2024-11-05 18:47 | Variasi: 1 Bulan,bukan gpt asli,r*****22024-11-05 18:47 | Variasi: 1 Bulanbukan gpt asliMembantu?Laporkan Penyalahgunaan,1,Negatif
fatchyb,2024-09-24 12:58 | Variasi: 1 Bulan,"Fungsi: ga berfungsiDesain: -Penggunaan: ga gunagabisa dipake gausah beli, mana penjual bales nya singkat banget kayak ga niat ngejual. intinya produknya gabisa dipake samsek& penjual ga ngasih solusi","fatchyb2024-09-24 12:58 | Variasi: 1 BulanFungsi: ga berfungsiDesain: -Penggunaan: ga gunagabisa dipake gausah beli, mana penjual bales nya singkat banget kayak ga niat ngejual. intinya produknya gabisa dipake samsek& penjual ga ngasih solusi1Laporkan Penyalahgunaan",1,Negatif
,2024-06-12 17:47 | Variasi: 3 Bulan,"Fungsi: susahDesain: susahPenggunaan: susahSusah banget hubungin adminnya. Mau login harus nunggu adminnya online. Bisa 2-7 jam. Trs kalau tbtb ke log out, chat adminnya lg harus nilai dulu pake bintang 5 biar dapet garansi buat login lagi. Hadeeh ribet banget mending beli di officialnya aja guys! Semoga membantuUpdate PenilaianMau dihapus guys penilaiannya. Takut ketauan jeleknya. Semoga pembeli pd sadar yaaaaağŸ™ğŸ»ğŸ™ğŸ»ğŸ™ğŸ»ğŸ™ğŸ»ğŸ™ğŸ»ğŸ™ğŸ»","w*****l2024-06-12 17:47 | Variasi: 3 BulanFungsi: susahDesain: susahPenggunaan: susahSusah banget hubungin adminnya. Mau login harus nunggu adminnya online. Bisa 2-7 jam. Trs kalau tbtb ke log out, chat adminnya lg harus nilai dulu pake bintang 5 biar dapet garansi buat login lagi. Hadeeh ribet banget mending beli di officialnya aja guys! Semoga membantuUpdate PenilaianMau dihapus guys penilaiannya. Takut ketauan jeleknya. Semoga pembeli pd sadar yaaaaağŸ™ğŸ»ğŸ™ğŸ»ğŸ™ğŸ»ğŸ™ğŸ»ğŸ™ğŸ»ğŸ™ğŸ»3Laporkan Penyalahgunaan",1,Negatif
chonisa08,2024-05-24 13:18 | Variasi: 1 Bulan,"Fungsi: tidak berfungsi dg baikSusah bgt makenya. Masa dikirimnya yg vers hangeul sih. Mana ps di execute hasilnya gasesuai. Pesen 2hr yg lalu, awalnya udh di ksih email, tp hrs minta kode dulu. Mau minta kode balesannya lama bgtttt. Trus dikasih lg, dpt nya email yg salah. Dan yg terakhir yg ini, dikasihnya yg hangeul. Aduhhh gabener deh. Rugi waktu rugi uangğŸ˜‚ 0:11Update PenilaianJarak waktunya lama bgttttt. Abis ngechat aku nubgguin satu jam pun ada","chonisa082024-05-24 13:18 | Variasi: 1 BulanFungsi: tidak berfungsi dg baikSusah bgt makenya. Masa dikirimnya yg vers hangeul sih. Mana ps di execute hasilnya gasesuai. Pesen 2hr yg lalu, awalnya udh di ksih email, tp hrs minta kode dulu. Mau minta kode balesannya lama bgtttt. Trus dikasih lg, dpt nya email yg salah. Dan yg terakhir yg ini, dikasihnya yg hangeul. Aduhhh gabener deh. Rugi waktu rugi uangğŸ˜‚ 0:11Update PenilaianJarak waktunya lama bgttttt. Abis ngechat aku nubgguin satu jam pun ada1Laporkan Penyalahgunaan",1,Negatif
jacklaw9,2023-11-09 04:31 | Variasi: Lifetime,"Sepadan dengan Harga: Maaf tak sepadanFitur Terbaik: Tidak adaSedang proses pelaporan ke polisi untuk akun ini. Bagi yang merasa tertipu juga, silahkan DM saya, dan ikut bersaksi untuk memproses pemilik akun ini.1","jacklaw92023-11-09 04:31 | Variasi: LifetimeSepadan dengan Harga: Maaf tak sepadanFitur Terbaik: Tidak adaSedang proses pelaporan ke polisi untuk akun ini. Bagi yang merasa tertipu juga, silahkan DM saya, dan ikut bersaksi untuk memproses pemilik akun ini.16Laporkan Penyalahgunaan",1,Negatif
,2023-11-22 04:26 | Variasi: Lifetime,"Pesen yang lifetime tapi 1 bln aja udah gabisa di pake. Di log out & penjual tidak responsif.  Chat gpt premium cuma bisa dipake sometimes, biasa pake sekali udh kena limit","v*****a2023-11-22 04:26 | Variasi: LifetimePesen yang lifetime tapi 1 bln aja udah gabisa di pake. Di log out & penjual tidak responsif.  Chat gpt premium cuma bisa dipake sometimes, biasa pake sekali udh kena limit2Laporkan Penyalahgunaan",1,Negatif
ayuhrj,2024-11-09 23:29 | Variasi: 1 Bulan,"Fungsi: ngelek mulu, sebell","ayuhrj2024-11-09 23:29 | Variasi: 1 BulanFungsi: ngelek mulu, sebellMembantu?Laporkan Penyalahgunaan",1,Negatif
ntnaels,2023-10-07 13:21 | Variasi: 1 Bulan,respon penjual:***Penilaian Penjual telah disembunyikan karena mengandung konten yang kurang pantas***,ntnaels2023-10-07 13:21 | Variasi: 1 Bulanrespon penjual:***Penilaian Penjual telah disembunyikan karena mengandung konten yang kurang pantas***4Laporkan Penyalahgunaan,1,Negatif
