Nama pembeli,Tanggal pembelian,Review,Column 4
,2023-11-30 03:28 | Variasi: 1 Bulan,,"n*****72023-11-30 03:28 | Variasi: 1 BulanSo far cs fast respond, selalu ganti2 akun tapi its okay, mungkin karena demand nya tinggi. Yang penting selalu dibalas tiap perlu hehe, semangat admin 0:0553Laporkan Penyalahgunaan"
pejuang_27,2024-08-17 15:03 | Variasi: 1 Bulan,,pejuang_272024-08-17 15:03 | Variasi: 1 BulanBarang aslim original. Tidak tipu tipu. Cara menggunakan nya mudah tidak ribet. Lain daring lain. Barang diterima dengan baik dan sempurna cepat dan berkualitas tinggi sesuai dengan ekspektasi dan harganya murah 0:04Membantu?Laporkan Penyalahgunaan
paoir,2024-09-09 08:48 | Variasi: 3 Bulan,,"paoir2024-09-09 08:48 | Variasi: 3 BulanFungsi: mencari infoDesain: okPenggunaan: oksesuai dengan deskripsi toko. garansi oke. pemakaian mudah, pesan langsung dapat digunakan. best 0:071Laporkan Penyalahgunaan"
,2024-09-04 03:58 | Variasi: 1 Bulan,,k*****m2024-09-04 03:58 | Variasi: 1 BulanFungsi: membantu meringkas pekerjaanDesain: keren dan mudahPenggunaan: sangat membantuTerbaik!! Tak pernah kecewa sama seller..udah berkali-kali order di sini dan selalu fast respond 🫶🏻👍🏻👍🏻👍🏻👍🏻 0:04Membantu?Laporkan Penyalahgunaan
,2023-06-10 14:50 | Variasi: 1 Bulan,,"u*****e2023-06-10 14:50 | Variasi: 1 BulanFitur Terbaik: ramah amanah membantuSepadan dengan Harga: lumayan lah ini akun shared jadi lumayan banyak yang make jadi kadang tarik menarik kalo pas kebetulan yang make gk satu.Pengiriman cepat, seller ramah ,amanah dan membantu juga sesuai deskripsi, thanks seller semoga berkah 🙂🙏7Laporkan Penyalahgunaan"
,2023-06-12 16:21 | Variasi: 1 Bulan,,n*****a2023-06-12 16:21 | Variasi: 1 BulanFitur Terbaik: fitur sharing jadi mohon bersabar tapi kualitas bagusKenapa aku selalu beli pro? Bedanya banyak bgt lebih cepet. Dan kalau jelasin lebih nyambung. Bisa belajar lewat chat gpt ini. Untuk chat gpt 4 keren fiturnya I love it. Even if it was only 25 chat in 3 hours yg mana sangat kuranggg228Laporkan Penyalahgunaan
edpra98,2023-05-13 05:53 | Variasi: 3 Bulan,,"edpra982023-05-13 05:53 | Variasi: 3 BulanFitur Terbaik: respon yang cepat untuk chatgptnyaSepadan dengan Harga: harga dan fitur sama-sama bagusYang mau order, jangan ragu... 
Admin respon cepet, dan akun yang di kasih 100% bisa di gunanya.

Yang mau order jangan ragu lagi, langsung pesan.3Laporkan Penyalahgunaan"
,2023-07-13 15:23 | Variasi: 1 Bulan,,"z*****y2023-07-13 15:23 | Variasi: 1 BulanSepadan dengan Harga: sangat murahFitur Terbaik: harga sangat murahTerimakasih, mohon maaf baru bisa review karena baru saya pasang, akun sudah aktif dan terbaik dapat akun premium.4Laporkan Penyalahgunaan"
,2023-07-22 06:19 | Variasi: 3 Bulan,,"a*****n2023-07-22 06:19 | Variasi: 3 BulanSepadan dengan Harga: manfaatnya jauh diatas hargaFitur Terbaik: interaktif, informatik & cantikAplikasi PC yg sangat membantu memenuhi kebutuhan berbagai informasi. Seller gercep, ramah dan tuntas dlm melayani konsumen. RECOMENDED!38Laporkan Penyalahgunaan"
aibrainbox,2023-05-12 07:06 | Variasi: 1 Bulan,,"aibrainbox2023-05-12 07:06 | Variasi: 1 BulanSepadan dengan Harga: sangat reliable, worthed dan murahFitur Terbaik: gpt 4 dengan after sales yang TOPfast respon chat, setiap ada trouble terselesaikan dengan cepat
Ana In Syaa Allah langganan permanen3Laporkan Penyalahgunaan"
vimitel_88,2023-06-03 19:28 | Variasi: Lifetime,,vimitel_882023-06-03 19:28 | Variasi: LifetimeSepadan dengan Harga: Fitur chat gpt 4 dan adminnya sangat responsif dan ramahFitur Terbaik: Chat gpt 4 jawabanya masuk akal dan lebih kerenKekuranganya karna akun sharing ada batas chatnya tapi gak masalah sih23Laporkan Penyalahgunaan
mc_2502,2024-08-24 14:36 | Variasi: 1 Bulan,,mc_25022024-08-24 14:36 | Variasi: 1 BulanFungsi: baikDesain: modernPenggunaan: sangat membantuTerma kasih! Pelayanan bagus dan kualitas bagus. Next time saya akan repeat order. Terima kasih juga kepada ekspedisi dan kurir yang telah antar paket saya..Membantu?Laporkan Penyalahgunaan
sellav01,2024-06-02 22:18 | Variasi: 1 Bulan,,"sellav012024-06-02 22:18 | Variasi: 1 BulanFungsi: bagusDesain: bagusPenggunaan: bagusso far bagus seller jg bisa di ajak komunikasi meskipun ada sempat miss aplikasi, udah sering beli l0kl0k disini ini jg ch4tgpt beli ke 2x trustedMembantu?Laporkan Penyalahgunaan"
whysclouvly,2024-09-19 07:11 | Variasi: 1 Bulan,,"whysclouvly2024-09-19 07:11 | Variasi: 1 BulanFungsi: goodDesain: goodPenggunaan: good""hahaha, i think the same too, but my mom is too old to take to the concert with.""

Tap on a clip to paste it in the text box.Welcome to Gboard clipboard, any text you copy will be saved here.Touch and hold a clip to pin it. Unpinned clips will be deleted after 1 hour.Use the edit icon to pin, add or delete clips.1Laporkan Penyalahgunaan"
chanraharjo,2023-05-08 22:15 | Variasi: 1 Bulan,,"chanraharjo2023-05-08 22:15 | Variasi: 1 BulanSangat rekomendasi sekali baik dari segi pelayanan penjualan,  staff yg ramah dan sangat membantu di dalam setiap pertanyaan. Bahkan saya diinfo untuk kepastian yang sudah saya beli apakah benar. Tolo lain pasti tidak peduli yg penting sudah bayar lamgsung kemas dan kirim tidak akan pusing salah atau tidakMembantu?Laporkan Penyalahgunaan"
ubaidillahptiq,2024-07-10 03:35 | Variasi: 1 Bulan,,ubaidillahptiq2024-07-10 03:35 | Variasi: 1 BulanFungsi: membuat sintesis kata sesuai perintah kitaDesain: lumayan bagus dan desain elegan aerodinamis dan cepatPenggunaan: membuat sintesis dan outline kata yang kita inginkan jadi konsep kalimat mengikuti desain yang kita mau dan inginkanbagus sesuai deskripsi dan iklan tetapi ada batasan nya cepat sekali tokennya habis jadi kita tunggu antrian supaya bisa dipake tapi saya saranin pakenya malem karena yang make sedikit jadi saya sering pakenya chatgpt malam ukan pagiMembantu?Laporkan Penyalahgunaan
achil321,2023-03-27 21:30 | Variasi: 1 Bulan,,achil3212023-03-27 21:30 | Variasi: 1 BulanTerimakasih Aplikasinya berfungsi dengan baik. Pelayanan dan produk terbaik. Admin selalu membantu dan respon cepat. Senang berbelanja di sini. Sekali lagi terimakasih Admin...!28Laporkan Penyalahgunaan
,2023-07-11 22:14 | Variasi: 1 Bulan,,"i*****q2023-07-11 22:14 | Variasi: 1 BulanSepadan dengan Harga: yesFitur Terbaik: Gpt4 plugins & code interpreterMantap, proses cepat, akun langsung bisa dipakai dengan lancar meskipun pake gpt4 nya harus cepet²an karena shared, cocok buat saya yg butuhnya kadang² aja. Sekarang udah ada code interpreter nya juga, mantaps 0:0638Laporkan Penyalahgunaan"
mampir.yuksini_,2023-10-07 19:34 | Variasi: 1 Bulan,,"mampir.yuksini_2023-10-07 19:34 | Variasi: 1 BulanFitur Terbaik: MantappppppppppSepadan dengan Harga: Sangattt TerjangkauBaguss , dari pelayanan juga bagusss 
Recomend saya sudah order lebih dari 1 kalii 0:087Laporkan Penyalahgunaan"
,2023-10-22 17:03 | Variasi: 1 Bulan,,m*****n2023-10-22 17:03 | Variasi: 1 BulanFitur Terbaik: mantapSepadan dengan Harga: sesuaiPke..programnya sidah bisa dipakai..tapi ya memang rebutan sih..kadang ga dapat krn kiata 3 jam an udah penuh.. 0:053Laporkan Penyalahgunaan
Pengguna Shopee,2023-10-09 09:44 | Variasi: 1 Bulan,,Pengguna Shopee2023-10-09 09:44 | Variasi: 1 BulanFitur Terbaik: BagusSepadan dengan Harga: SepadanSaya sudah pakai dan memang chatgpt nya sudah versi pro 0:072Laporkan Penyalahgunaan
nurfebrianasari,2024-03-02 19:13 | Variasi: 1 Bulan,,"nurfebrianasari2024-03-02 19:13 | Variasi: 1 BulanPacking rapi aman dan terkendali. 
Pengiriman lancar jaya sampai ke Belitung. 
Anak sy suka sekali.... 
Alhamdulillah.... 
Thanks to seller. 
Thanks to shoppe. 
Semoga Berkah buat kita semua. 
AamiinMembantu?Laporkan Penyalahgunaan"
,2024-01-04 19:47 | Variasi: 1 Bulan,,s*****42024-01-04 19:47 | Variasi: 1 BulanAdminnya sangat fast respon. Lalu barangnya juga bagus. Keren lah. 0:04Membantu?Laporkan Penyalahgunaan
rivaldo2409,2023-07-14 19:08 | Variasi: 1 Bulan,,"rivaldo24092023-07-14 19:08 | Variasi: 1 BulanFitur Terbaik: rekomendasiSepadan dengan Harga: sepadanRespon cepat, tidak bertele2… rekomendasi2Laporkan Penyalahgunaan"
,2023-03-19 10:30 | Variasi: 1 Bulan,,"r*****n2023-03-19 10:30 | Variasi: 1 BulanSeller fast respon banget, no minus, proses cepat, langsung bisa digunakan, keren30Laporkan Penyalahgunaan"
ahmadsyagif,2023-07-13 21:47 | Variasi: 1 Bulan,,ahmadsyagif2023-07-13 21:47 | Variasi: 1 BulanSepadan dengan Harga: sepadanFitur Terbaik: plus plusMantap sellernya gkpke lama langsung plus bs chat sepuasnya. Gk perlu diragukan lagi. Trimaksih semoga berkah dan manfaat4Laporkan Penyalahgunaan
,2023-05-29 21:39 | Variasi: 1 Bulan,,"m*****n2023-05-29 21:39 | Variasi: 1 BulanSepadan dengan Harga: masih trial sebulan, cocok lanjutFitur Terbaik: emang ga kaleng"" gpt 3.5 dan 4 kualitas jawabannya bisa bikin lebih paham dari gpt 3Buat user lain, tolong lu harus tau ini akun sharing. Ada limit 25 pesan per 3 jam. Gw liat yg make GPT 4 pertanyaannya kaya bocah SD, padahal GPT 3.5 sudah cukup buat jawab pertanyaan lu. Bukannya ngelarang make, tapi lu harus tahu fungsinya dulu lah, biar user lain bisa pakai GPT 4 juga. Haduh, kalau FOMO minimal ga boleh minim literasi ygy ✌9Laporkan Penyalahgunaan"
karjaw,2023-08-21 08:01 | Variasi: 1 Bulan,,karjaw2023-08-21 08:01 | Variasi: 1 BulanSepadan dengan Harga: harga murah sayangnya gak pernah bisa di pakai karena limit. harus sabar menunggu jam dan keroyokan sama user lain.Fitur Terbaik: bentrok melulu karena akun shared.5Laporkan Penyalahgunaan
otetatsuya,2023-07-07 09:04 | Variasi: 3 Bulan,,otetatsuya2023-07-07 09:04 | Variasi: 3 BulanFitur Terbaik: Murah dan cepatSepadan dengan Harga: sepadanHanya mesti bersabar karena yang pake kadang banyak.6Laporkan Penyalahgunaan
randyfahrizall,2023-07-25 16:35 | Variasi: 3 Bulan,,"randyfahrizall2023-07-25 16:35 | Variasi: 3 BulanFitur Terbaik: TERBAIK , GAK BOHONGSepadan dengan Harga: SANGAT WORTH ITAdmin ramah1Laporkan Penyalahgunaan"
airlangit,2023-06-02 06:31 | Variasi: 1 Bulan,,"airlangit2023-06-02 06:31 | Variasi: 1 BulanSepadan dengan Harga: real chatGPT plus premiumFitur Terbaik: ada 2 pilihan versi 3,5 atau versi 4harga murah real akun recommended sellerMembantu?Laporkan Penyalahgunaan"
,2023-03-30 07:54 | Variasi: 1 Bulan,,"k*****12023-03-30 07:54 | Variasi: 1 Bulanakun berfungsi, tp terlalu sering dihapus history chatnya. setidaknya tunggu 24 jam baru hapus1Laporkan Penyalahgunaan"
seraga_santri,2023-03-30 12:56 | Variasi: 1 Bulan,,seraga_santri2023-03-30 12:56 | Variasi: 1 BulanSepadan dengan Harga: lumayan sepan dengan hargakalau ngak mau rebutan atau error karna history di hapus orang rekomendasi yang privat1Laporkan Penyalahgunaan
riozalukhu_1210,2023-05-05 09:04 | Variasi: 1 Bulan,,"riozalukhu_12102023-05-05 09:04 | Variasi: 1 BulanSepadan dengan Harga: worth it lah kalo mau beli, saran kalo mau yg enak beli yg private ajaFitur Terbaik: gpt 41Laporkan Penyalahgunaan"
achmad.hamdiyat,2023-09-05 04:19 | Variasi: 3 Bulan,,"achmad.hamdiyat2023-09-05 04:19 | Variasi: 3 BulanPelayanan oke.. Walaupun antriannya mayan, seller amanah dan bertanggung jawab..Membantu?Laporkan Penyalahgunaan"
randyfahrizall,2023-07-01 09:03 | Variasi: 1 Bulan,,"randyfahrizall2023-07-01 09:03 | Variasi: 1 BulanSepadan dengan Harga: saya sangat senangFitur Terbaik: mantap saya sangat sukaSaya sangat suka , LANCAR JAYAMembantu?Laporkan Penyalahgunaan"
,2023-07-15 20:48 | Variasi: 1 Bulan,,z*****r2023-07-15 20:48 | Variasi: 1 BulanSepadan dengan Harga: sesuai sepadan dengan hargaFitur Terbaik: mantapRekomendasi dah aman sentosa belm ada kendala1Laporkan Penyalahgunaan
,2024-02-15 16:57 | Variasi: 3 Bulan,,"r*****12024-02-15 16:57 | Variasi: 3 BulanSangat sangattt bagus sekali, respon dari admin juga sangat cepat dan super ramahhh. Ga nyesel buat beli disini dan bakal repeat order. Makasihhh banyakkk🙏🏼🙏🏼🔥🌾Membantu?Laporkan Penyalahgunaan"
,2024-05-31 21:24 | Variasi: 1 Bulan,,"a*****_2024-05-31 21:24 | Variasi: 1 BulanSangat rekomendasi untuk kawan kawan lain. 
Seller ramah, respon chat 24 jam. 
Pokoknya gak bakalan kecewa. 
Cuma harus sabarr okey.Membantu?Laporkan Penyalahgunaan"
bennicael,2024-03-30 16:25 | Variasi: 1 Bulan,,"bennicael2024-03-30 16:25 | Variasi: 1 BulanProduk samgat oke, admin fast resp terkait garansi, produk juga original pokonya sgt recommendMembantu?Laporkan Penyalahgunaan"
sonsi71003,2024-03-16 10:37 | Variasi: Lifetime,,"sonsi710032024-03-16 10:37 | Variasi: LifetimeBagus banget kedua kalinya beli dsini, kata aku gausah ragu langsung co aja, responnya cepat dibantu juga dan gptnya kenceng kerenMembantu?Laporkan Penyalahgunaan"
arry_hutomo,2023-06-04 10:28 | Variasi: Lifetime,,"arry_hutomo2023-06-04 10:28 | Variasi: LifetimeThanks for this seller, very helpfull and kindness juara deh terbaikMembantu?Laporkan Penyalahgunaan"
imampasli,2023-10-21 19:41 | Variasi: 6 Bulan,,"imampasli2023-10-21 19:41 | Variasi: 6 BulanRespon penjualnya cepat, komunikasinya bagus sehingga sangat membantu dlm menginstall aplikasinya. MantulMembantu?Laporkan Penyalahgunaan"
finakholijz,2024-02-04 08:20 | Variasi: 3 Bulan,,"finakholijz2024-02-04 08:20 | Variasi: 3 BulanUdh pesen 2x, fast respon, psen 3 bln ya bnr2 smpe 3 bln. Mantap. Pertahankan biar bs jd langgananMembantu?Laporkan Penyalahgunaan"
,2024-01-01 06:50 | Variasi: 1 Bulan,,a*****n2024-01-01 06:50 | Variasi: 1 BulanMudah digunakan dan sangat bermanfaat untuk todler yang ingin mencari artikel tugas paud. 🙏Membantu?Laporkan Penyalahgunaan
faditukche,2023-06-22 17:39 | Variasi: 1 Bulan,,faditukche2023-06-22 17:39 | Variasi: 1 BulanPUAS BANGET SAMA PROSESNYA.. JUGA FAST RESPON TIDAK BERTELE TELE REKOMEN BGTMembantu?Laporkan Penyalahgunaan
hamzafq_,2023-12-05 16:08 | Variasi: 1 Bulan,,hamzafq_2023-12-05 16:08 | Variasi: 1 Bulanceffat pelayanannya dan works like a charm. great product. gpt 4 abit overrated tho frMembantu?Laporkan Penyalahgunaan
firdausvolte,2023-05-08 10:25 | Variasi: 1 Bulan,,"firdausvolte2023-05-08 10:25 | Variasi: 1 BulanFitur Terbaik: tersedia juga GPT 4 hanya saja dibatasi oleh WaktuSepadan dengan Harga: ada fitur ada pula hargaSemoga kedepannya respon penjualnya lebih cepat lagi dan layanan berlangganan lebih variatif dan beragam
Terimakasih 🙏🏻 jaya dan sukses selalu5Laporkan Penyalahgunaan"
orlandospyro,2024-04-12 20:50 | Variasi: Lifetime,,orlandospyro2024-04-12 20:50 | Variasi: LifetimePelayanan Cepat dengan Harga terbaik. Udah pembelian ke-2 kali. Thank you dan sukses terus seller!Membantu?Laporkan Penyalahgunaan
,2024-02-03 09:10 | Variasi: 1 Bulan,,"k*****i2024-02-03 09:10 | Variasi: 1 BulanMakasih, sellernya sangat fastresp dan baik, memastikan berkali-kali dan di guide sampai bisa 🫶🏻🫶🏻🥺 kewren pollMembantu?Laporkan Penyalahgunaan"
,2023-12-10 06:52 | Variasi: 1 Bulan,,"a*****82023-12-10 06:52 | Variasi: 1 BulanMantap seller amanah, barang sesuai. Repeat order lah gass 0:04Membantu?Laporkan Penyalahgunaan"
ditanr_29,2023-12-25 17:53 | Variasi: 1 Bulan,,"ditanr_292023-12-25 17:53 | Variasi: 1 BulanProduk bagus dan Puas belanja!
Harga terjangkau, kualitas oke. Rekomendasi!
Pelayanan ramah dan cepat, barang sesuai harapan.Membantu?Laporkan Penyalahgunaan"
,2023-08-10 07:28 | Variasi: 3 Bulan,,s*****r2023-08-10 07:28 | Variasi: 3 BulanMakasih banyak kak atas pelayanannya yang super ramah dan kualitas produknya sangat bagus. Recommended!Membantu?Laporkan Penyalahgunaan
,2023-12-21 18:28 | Variasi: 1 Bulan,,"v*****e2023-12-21 18:28 | Variasi: 1 Bulanrespon penjual sangat cepat dan baik, seneng dah berlangganan disini, makasih seller 0:04Membantu?Laporkan Penyalahgunaan"
,2023-10-26 11:26 | Variasi: Lifetime,,"c*****k2023-10-26 11:26 | Variasi: LifetimeHanya bisa pakai sebentar dan langsung ga bisa lagi, dichat di wa maupun aplikasi tidak dibalas. Brp hri di balas dengan ancaman wajib bintang 5 baru dikasih update annya.. jd ini ga murni lifetime tapi kejar2an sama seller.. sekuat2kuatnya ngejar dan selama seller aktif aja 8Laporkan Penyalahgunaan"
,2023-08-09 14:10 | Variasi: Lifetime,,"r*****i2023-08-09 14:10 | Variasi: LifetimeMantap berfungsi dengan baik! Semoga tidak ada kendala, admin merespon dengan baik, mudah2an aftersalesnya juga 🙏🏻25Laporkan Penyalahgunaan"
diar_kun,2023-09-29 14:32 | Variasi: 1 Bulan,,"diar_kun2023-09-29 14:32 | Variasi: 1 BulanFitur Terbaik: bagusSepadan dengan Harga: murahsesuai pesanan, semoga tidak ada masalahMembantu?Laporkan Penyalahgunaan"
amrunhore,2023-04-25 16:26 | Variasi: 1 Bulan,,amrunhore2023-04-25 16:26 | Variasi: 1 BulanFitur Terbaik: cgpt 4 nikmat kalo yg lain nganggurSepadan dengan Harga: worthy la yaUntuk explore dan coba2 firur is good. Jika untuk beli serius memang private aja. Btw good buat odong2Membantu?Laporkan Penyalahgunaan
nazihahyra,2023-06-30 08:20 | Variasi: 1 Bulan,,"nazihahyra2023-06-30 08:20 | Variasi: 1 BulanSepadan dengan Harga: ✔Fitur Terbaik: ✔BAGUS BANGEEET, fastrespon dan tidak berbelitMembantu?Laporkan Penyalahgunaan"
,2023-12-27 13:46 | Variasi: 3 Bulan,,g*****e2023-12-27 13:46 | Variasi: 3 BulanBeli 3 bulan tapi baru 1 bulan udh ga bisa dipake. Di chat ga ada respon sama sekali2Laporkan Penyalahgunaan
mirfanj01052016,2023-07-14 05:45 | Variasi: 1 Bulan,,"mirfanj010520162023-07-14 05:45 | Variasi: 1 BulanFitur Terbaik: Sangat baik 🤠Sepadan dengan Harga: Sangat sepadan dengan harganya 😁Pelayanan bagus, cepat, dan sangat baik. Lanjutkan guys 😁🙏Membantu?Laporkan Penyalahgunaan"
,2023-07-07 10:00 | Variasi: 1 Bulan,,n*****e2023-07-07 10:00 | Variasi: 1 BulanSepadan dengan Harga: bestFitur Terbaik: bestLupa kasih nilai padahal fast respond banget!!Membantu?Laporkan Penyalahgunaan
,2024-09-06 15:58 | Variasi: 1 Bulan,,"t*****k2024-09-06 15:58 | Variasi: 1 BulanFungsi: berfungsi dengan baikPenggunaan: sangat membantuSemuanya berjalan dengan baik, terima kasih penjualMembantu?Laporkan Penyalahgunaan"
,2024-10-08 21:07 | Variasi: 1 Bulan,,k*****72024-10-08 21:07 | Variasi: 1 BulanFungsi: berfungsi dengan baikPenggunaan: sangat membantuRespon penjual ramah dan quick responMembantu?Laporkan Penyalahgunaan
,2024-09-07 11:18 | Variasi: 1 Bulan,,i*****o2024-09-07 11:18 | Variasi: 1 BulanFungsi: baikDesain: mudah di pahamiPenggunaan: membantuBarang sudah diterima dengan baik pengiriman cepat harga murah masih budget pelajar cukupMembantu?Laporkan Penyalahgunaan
rohmahagengmursita11,2023-12-25 22:59 | Variasi: Lifetime,,rohmahagengmursita112023-12-25 22:59 | Variasi: LifetimeMantap bisa dipakai meskipun banyak orang dan harus selalu chat admin jika ada kendala daan direspon baik oleh admin. Cuman saya yg biasa kerja saampai malam jd harus chat admin terusMembantu?Laporkan Penyalahgunaan
,2024-07-02 19:57 | Variasi: 1 Bulan,,"_*****s2024-07-02 19:57 | Variasi: 1 BulanFungsi: baca desc produk aja:)Desain: simpel n mudah dipahamiPenggunaan: sangat membantuProses log in nya mudah, harga murmerrr, tapi sayang ada batasan/limit buat nanya ke AI nya. Selebihnya ok bangett. Thankyou! 0:058Laporkan Penyalahgunaan"
nurfebrianasari,2024-05-28 20:45 | Variasi: 1 Bulan,,"nurfebrianasari2024-05-28 20:45 | Variasi: 1 BulanFungsi: baikDesain: baikPenggunaan: baikPacking rapi aman dan terkendali. 
Pengiriman lancar jaya sampai ke Belitung. 
Paket lengkap tak kurang satu pun. 
Ma'af fotonya beda. 
Thanks to seller. 
Thanks to shoppe. 
Berkah ya buat kita swmua. 
AamiinMembantu?Laporkan Penyalahgunaan"
pramudyoprim,2024-02-28 23:42 | Variasi: 1 Bulan,,"pramudyoprim2024-02-28 23:42 | Variasi: 1 BulanBaru dipakai 1x sudah antri 3jam.
Penjual di hubungi berkali kali namun tidak ada respon dan solusi.
Bukan tentang nominalnya, namun pada diskripsi tertulis jika ada kendala hubungi penjual, namun tidak ada rspon juga.3Laporkan Penyalahgunaan"
thyo.bloye,2023-06-11 14:27 | Variasi: 1 Bulan,,"thyo.bloye2023-06-11 14:27 | Variasi: 1 BulanGPT 4 nya sharing sama user lain, kalo beruntung bisa search 1 - 2x aja per 3 jam
Kalo lagi sial, bisa seharian ga dapet gpt4
Tapi dapet gpt 3,5 + response lebih cepet udah worth it sih1Laporkan Penyalahgunaan"
,2023-04-03 14:32 | Variasi: 3 Bulan,,i*****n2023-04-03 14:32 | Variasi: 3 BulanFitur Terbaik: bermanfaatSeller mau bertanggung jawab… jika akun yang diberi eror dan di ganti8Laporkan Penyalahgunaan
toko_risma01,2023-10-10 00:39 | Variasi: 1 Bulan,,toko_risma012023-10-10 00:39 | Variasi: 1 BulanSepadan dengan Harga: mantapFitur Terbaik: okebanguss wes pokoknya mantap ajep ajep lah yaw sip pollMembantu?Laporkan Penyalahgunaan
rimbasu,2023-05-26 09:42 | Variasi: 1 Bulan,,rimbasu2023-05-26 09:42 | Variasi: 1 BulanSepadan dengan Harga: worth it lah walaupun akun sharingFitur Terbaik: ChatGPT 4Membantu?Laporkan Penyalahgunaan
,2023-10-14 22:19 | Variasi: 1 Bulan,,"a*****e2023-10-14 22:19 | Variasi: 1 BulanSepadan dengan Harga: maybeFitur Terbaik: ya begitu lahbagus sih tapi buat orang yang pake chat gpt sewajarnya, kalo pakenya intens kurang recomended soalnya dipake orang banyak jadi kadang pas pake tb tb history chatnya direset jadi ilang semua chat kita, trus kadang kena limit jadi dibalikin ke chat gpt 3 trus besok baru bisa gpt 4 lagi4Laporkan Penyalahgunaan"
,2024-11-01 15:00 | Variasi: 1 Bulan,,"s*****52024-11-01 15:00 | Variasi: 1 BulanAsli penjual slow respon banget, sampai mau satu hari aku nungguin 0:04Membantu?Laporkan Penyalahgunaan"
muhammad.hamid,2023-10-26 22:23 | Variasi: 1 Bulan,,"muhammad.hamid2023-10-26 22:23 | Variasi: 1 BulanFitur Terbaik: sungguh ini pertama kali kasih rating rendahSepadan dengan Harga: lebih ke ngga bisa di gunakan sih,udah nyoba banyak di kasih pilihan tapi ngga berfungsiMembantu?Laporkan Penyalahgunaan"
iqbal_bachtiar96,2023-10-26 13:53 | Variasi: 1 Bulan,,iqbal_bachtiar962023-10-26 13:53 | Variasi: 1 BulanSepadan dengan Harga: lumayanFitur Terbaik: gpt 4Terima kasih barangnya bisa digunakan walaupun kadang sering² bermasalah tapi pihak penjual mau tanggung jawab.Membantu?Laporkan Penyalahgunaan
shilajit,2023-08-02 00:33 | Variasi: 1 Bulan,,"shilajit2023-08-02 00:33 | Variasi: 1 BulanHati Hati
It's model is of account sharing, most of the times gpt 4 will be unavailable to use due to many people using at a time and exceeding the usage cap, better use the free version and save your time and money!Update PenilaianIt's good 13Laporkan Penyalahgunaan"
,2024-01-30 19:40 | Variasi: 1 Bulan,,"e*****n2024-01-30 19:40 | Variasi: 1 Bulanbeli untuk 1 bulan, baru 2 minggu sudah ke lock, mana seller respon lemot, tidak rekomenMembantu?Laporkan Penyalahgunaan"
_orvtdx_jp,2024-03-07 18:05 | Variasi: 1 Bulan,,"_orvtdx_jp2024-03-07 18:05 | Variasi: 1 Bulan40 pesan/3 jam, jd kadang perlu nunggu dulu buat paks gpt4 nyaMembantu?Laporkan Penyalahgunaan"
,2023-08-30 11:55 | Variasi: 1 Bulan,,a*****y2023-08-30 11:55 | Variasi: 1 BulanTerlalu banyak user jadi kadang error karena antre pakainyaMembantu?Laporkan Penyalahgunaan
,2023-06-14 05:43 | Variasi: 1 Bulan,,"1*****d2023-06-14 05:43 | Variasi: 1 Bulanakun sharingnya sudah terlalu banyak yg pakai, jadi tidak optimal susah untuk digunakan.2Laporkan Penyalahgunaan"
verdy7892,2023-07-27 05:08 | Variasi: 1 Bulan,,"verdy78922023-07-27 05:08 | Variasi: 1 BulanSemoga sesuai dengan deskripsi lah, awet tidak ada gangguan 0:041Laporkan Penyalahgunaan"
,2023-03-22 02:13 | Variasi: 1 Bulan,,"l*****x2023-03-22 02:13 | Variasi: 1 Bulankadang nd kebagian pake(lebih sering), kalau mau mending private aja7Laporkan Penyalahgunaan"
7hsr34p3w1,2024-06-04 10:44 | Variasi: 1 Bulan,,7hsr34p3w12024-06-04 10:44 | Variasi: 1 BulanBerbahasa korea. Kurang faham bahasanyaMembantu?Laporkan Penyalahgunaan
rksakti,2024-01-27 11:13 | Variasi: 1 Bulan,,rksakti2024-01-27 11:13 | Variasi: 1 BulanSesuai dengan harga siy.. agak terhambatMembantu?Laporkan Penyalahgunaan
abbah_ghanim,2023-12-20 08:20 | Variasi: 1 Bulan,,abbah_ghanim2023-12-20 08:20 | Variasi: 1 BulanKarena sharing akun jdinya mesti cepet2an makeknya.. oke sihMembantu?Laporkan Penyalahgunaan
robiartarch,2024-02-17 22:14 | Variasi: 1 Bulan,,"robiartarch2024-02-17 22:14 | Variasi: 1 BulanGa unlimited, gk bisa terpakai karena udah di ambil duluan sama yang lainMembantu?Laporkan Penyalahgunaan"
awalbahasoan,2024-01-02 11:15 | Variasi: Lifetime,,"awalbahasoan2024-01-02 11:15 | Variasi: LifetimeBagus, namun kebijakan chat gpt premium membatasi pertanyaan menjadikan akun bersama      terbatas pada jam jam tertentu. Berharap setiap akun premium dibatasi juga orangnya mungkin 10 orang per akunMembantu?Laporkan Penyalahgunaan"
,2024-06-16 23:15 | Variasi: 1 Bulan,,"s*****t2024-06-16 23:15 | Variasi: 1 Bulanbukan chatgpt tapi chatbotapp.ai, gpp lah setidaknya bisa milih gpt4o, sayangnya sepertinya tidak bisa upload dokumen seperti di chatgpt openaiMembantu?Laporkan Penyalahgunaan"
samuel7up,2023-03-30 07:07 | Variasi: 1 Bulan,,samuel7up2023-03-30 07:07 | Variasi: 1 BulanTidak pernah bisa di gunakan selalu error2Laporkan Penyalahgunaan
,2023-12-01 03:32 | Variasi: 1 Bulan,,"b*****i2023-12-01 03:32 | Variasi: 1 BulanBagus dan bisa langsung digunakan, mungkin karena akun nya sharing atau faktor lainnya jadi pengguna terbatas 40 chat / 3 jam🤔🤔

Lagi semangat2 nya eh uda ngak bs lagiMembantu?Laporkan Penyalahgunaan"
vixiestshop,2023-08-15 12:23 | Variasi: 1 Bulan,,vixiestshop2023-08-15 12:23 | Variasi: 1 BulanBerfungsi dengan Baik.Membantu?Laporkan Penyalahgunaan
jacktrezer,2023-12-13 09:34 | Variasi: 1 Bulan,,jacktrezer2023-12-13 09:34 | Variasi: 1 BulanTidak lifetime untuk chat GPT Plus nya..Membantu?Laporkan Penyalahgunaan
,2024-01-28 19:17 | Variasi: 1 Bulan,,"d*****_2024-01-28 19:17 | Variasi: 1 BulanRespon penjual agak lama, gptnya bisa dipakeMembantu?Laporkan Penyalahgunaan"
chalfrost,2024-01-31 07:56 | Variasi: 1 Bulan,,chalfrost2024-01-31 07:56 | Variasi: 1 BulanMeskipun kadng limit tapi bagusMembantu?Laporkan Penyalahgunaan
1_suryadarma_1,2023-07-19 07:57 | Variasi: 1 Bulan,,1_suryadarma_12023-07-19 07:57 | Variasi: 1 BulanNiceMembantu?Laporkan Penyalahgunaan
fitriaaridsa,2024-05-28 06:50 | Variasi: 1 Bulan,,fitriaaridsa2024-05-28 06:50 | Variasi: 1 BulanFungsi: baikDesain: kerenPenggunaan: lumayanMembantu?Laporkan Penyalahgunaan
,2024-05-13 03:32 | Variasi: 3 Bulan,,x*****52024-05-13 03:32 | Variasi: 3 BulanKena limit terus ampun dehMembantu?Laporkan Penyalahgunaan
,2023-09-03 17:09 | Variasi: 1 Bulan,,"i*****c2023-09-03 17:09 | Variasi: 1 Bulanharus sabar, bnyk yang pkeMembantu?Laporkan Penyalahgunaan"
nxxfl90_kp,2024-09-27 01:45 | Variasi: 1 Bulan,,nxxfl90_kp2024-09-27 01:45 | Variasi: 1 BulanDri chat bot aiMembantu?Laporkan Penyalahgunaan
humamrh,2024-01-12 22:29 | Variasi: 1 Bulan,,humamrh2024-01-12 22:29 | Variasi: 1 BulanKatanya lifetime penipuUpdate PenilaianBaikMembantu?Laporkan Penyalahgunaan
1_suryadarma_1,2023-07-19 07:57 | Variasi: 1 Bulan,,1_suryadarma_12023-07-19 07:57 | Variasi: 1 BulanNiceMembantu?Laporkan Penyalahgunaan
fitriaaridsa,2024-05-28 06:50 | Variasi: 1 Bulan,,fitriaaridsa2024-05-28 06:50 | Variasi: 1 BulanFungsi: baikDesain: kerenPenggunaan: lumayanMembantu?Laporkan Penyalahgunaan
,2024-05-13 03:32 | Variasi: 3 Bulan,,x*****52024-05-13 03:32 | Variasi: 3 BulanKena limit terus ampun dehMembantu?Laporkan Penyalahgunaan
,2023-09-03 17:09 | Variasi: 1 Bulan,,"i*****c2023-09-03 17:09 | Variasi: 1 Bulanharus sabar, bnyk yang pkeMembantu?Laporkan Penyalahgunaan"
nxxfl90_kp,2024-09-27 01:45 | Variasi: 1 Bulan,,nxxfl90_kp2024-09-27 01:45 | Variasi: 1 BulanDri chat bot aiMembantu?Laporkan Penyalahgunaan
humamrh,2024-01-12 22:29 | Variasi: 1 Bulan,,humamrh2024-01-12 22:29 | Variasi: 1 BulanKatanya lifetime penipuUpdate PenilaianBaikMembantu?Laporkan Penyalahgunaan
,2024-03-19 19:10 | Variasi: 1 Bulan,,d*****92024-03-19 19:10 | Variasi: 1 BulanMembantu?Laporkan Penyalahgunaan
,2024-06-20 08:37 | Variasi: 1 Bulan,,a*****j2024-06-20 08:37 | Variasi: 1 BulanMembantu?Laporkan Penyalahgunaan
,2024-06-21 09:57 | Variasi: 1 Bulan,,o*****i2024-06-21 09:57 | Variasi: 1 BulanMembantu?Laporkan Penyalahgunaan
teddynoerizal,2024-06-21 12:10 | Variasi: 1 Bulan,,teddynoerizal2024-06-21 12:10 | Variasi: 1 BulanMembantu?Laporkan Penyalahgunaan
devizuliavani,2024-04-20 18:34 | Variasi: 1 Bulan,,devizuliavani2024-04-20 18:34 | Variasi: 1 BulanMembantu?Laporkan Penyalahgunaan
apriyansyah_27,2024-07-06 11:55 | Variasi: 1 Bulan,,apriyansyah_272024-07-06 11:55 | Variasi: 1 BulanMembantu?Laporkan Penyalahgunaan
khairhd,2024-07-11 22:39 | Variasi: 1 Bulan,,khairhd2024-07-11 22:39 | Variasi: 1 BulanMembantu?Laporkan Penyalahgunaan
nadanufa,2024-09-22 06:25 | Variasi: 1 Bulan,,nadanufa2024-09-22 06:25 | Variasi: 1 BulanMembantu?Laporkan Penyalahgunaan
gadhyana90,2024-08-26 06:37 | Variasi: 1 Bulan,,gadhyana902024-08-26 06:37 | Variasi: 1 BulanMembantu?Laporkan Penyalahgunaan
,2024-09-01 05:07 | Variasi: 1 Bulan,,a*****42024-09-01 05:07 | Variasi: 1 BulanMembantu?Laporkan Penyalahgunaan
toko51surabaya,2024-10-23 13:41 | Variasi: 3 Bulan,,toko51surabaya2024-10-23 13:41 | Variasi: 3 BulanMembantu?Laporkan Penyalahgunaan
suchyana15,2024-02-12 09:03 | Variasi: 1 Bulan,,suchyana152024-02-12 09:03 | Variasi: 1 BulanMembantu?Laporkan Penyalahgunaan
mirataniaiya02,2024-04-07 08:34 | Variasi: Lifetime,,mirataniaiya022024-04-07 08:34 | Variasi: LifetimeMembantu?Laporkan Penyalahgunaan
,2024-09-29 12:24 | Variasi: 1 Bulan,,h*****h2024-09-29 12:24 | Variasi: 1 BulanMembantu?Laporkan Penyalahgunaan
buitenzorg29,2024-04-18 16:47 | Variasi: 1 Bulan,,buitenzorg292024-04-18 16:47 | Variasi: 1 BulanMembantu?Laporkan Penyalahgunaan
baghizzuhdiadzin,2024-03-01 20:23 | Variasi: 1 Bulan,,baghizzuhdiadzin2024-03-01 20:23 | Variasi: 1 BulanMembantu?Laporkan Penyalahgunaan
fahrihan11,2024-10-04 02:23 | Variasi: 1 Bulan,,fahrihan112024-10-04 02:23 | Variasi: 1 BulanMembantu?Laporkan Penyalahgunaan
putricyintia18,2024-11-04 10:27 | Variasi: 1 Bulan,,putricyintia182024-11-04 10:27 | Variasi: 1 BulanMembantu?Laporkan Penyalahgunaan
reagenmandias,2024-07-10 23:13 | Variasi: 1 Bulan,,reagenmandias2024-07-10 23:13 | Variasi: 1 BulanMembantu?Laporkan Penyalahgunaan
dyahmaharani1224,2024-03-14 08:44 | Variasi: 1 Bulan,,dyahmaharani12242024-03-14 08:44 | Variasi: 1 BulanMembantu?Laporkan Penyalahgunaan
syabilarabiatulbakhtiar,2024-06-20 13:52 | Variasi: 1 Bulan,,syabilarabiatulbakhtiar2024-06-20 13:52 | Variasi: 1 BulanMembantu?Laporkan Penyalahgunaan
ragiltrias70,2024-09-13 14:09 | Variasi: 1 Bulan,,ragiltrias702024-09-13 14:09 | Variasi: 1 BulanMembantu?Laporkan Penyalahgunaan
fuad_edy,2024-06-05 18:49 | Variasi: Lifetime,,fuad_edy2024-06-05 18:49 | Variasi: LifetimeMembantu?Laporkan Penyalahgunaan
,2024-05-30 18:40 | Variasi: 1 Bulan,,a*****12024-05-30 18:40 | Variasi: 1 BulanMembantu?Laporkan Penyalahgunaan
,2023-10-22 14:24 | Variasi: 1 Bulan,,"a*****o2023-10-22 14:24 | Variasi: 1 BulanSepadan dengan Harga: risiko sharing account yaa beginilah ... pas bener2 butuh pake, kuotanya udh dihabiskan user lain .. jd hrs nunggu bbrp jam biar bs pake ...Bagusnya chatgpt 4 bs upload gambar, tapi gk terlalu bs diandalkan utk jwb soal etung2an ... dari 7 soal yg dijwb bener cuma 2 wkwkkkk3Laporkan Penyalahgunaan"
,2024-06-27 06:32 | Variasi: 1 Bulan,,z*****82024-06-27 06:32 | Variasi: 1 BulanFungsi: baikDesain: baikPenggunaan: sulitAdminnya sulit dihubungi. Pass susah sering gak bisa digunakan saat loginMembantu?Laporkan Penyalahgunaan
sansan.fajrian,2024-05-14 18:36 | Variasi: 1 Bulan,,"sansan.fajrian2024-05-14 18:36 | Variasi: 1 BulanMurah sih, adminnya balesnya lamaaa, dan cape banget makenya gampang ke limit kayaknya usernya banyakMembantu?Laporkan Penyalahgunaan"
,2024-07-31 09:41 | Variasi: 1 Bulan,,"k*****a2024-07-31 09:41 | Variasi: 1 BulanSering error baru penggunaan 4 hari langsung error, adminya agak slowres jadi baru beberapa kali kepakai habis tu gabisa dipakai lagiMembantu?Laporkan Penyalahgunaan"
ricetea89,2023-10-13 09:45 | Variasi: 3 Bulan,,"ricetea892023-10-13 09:45 | Variasi: 3 BulanYg pro suka kena limited, jadi ujung2 nya pakai yang biasa ajaMembantu?Laporkan Penyalahgunaan"
alwanrahmana,2024-02-21 00:26 | Variasi: 1 Bulan,,"alwanrahmana2024-02-21 00:26 | Variasi: 1 Bulankebanyakan sharing, limit terus chat gpt 4 nyaMembantu?Laporkan Penyalahgunaan"
aldinal21,2023-09-29 20:45 | Variasi: 1 Bulan,,"aldinal212023-09-29 20:45 | Variasi: 1 Bulanmantap, asli, cuma karena ini sharing, jd chatgpt4 nya cepet abis mulu, susah jarang kebagianMembantu?Laporkan Penyalahgunaan"
alif_ghiffaari,2024-04-21 14:40 | Variasi: 3 Bulan,,"alif_ghiffaari2024-04-21 14:40 | Variasi: 3 BulanKebanyakan user, admin sepertinya emang sengaja tidak membatasi org yang memiliki share account nya, jadinya tiap 30 menit doang udah limit, nyebelin bangetMembantu?Laporkan Penyalahgunaan"
nov.andrak,2024-06-23 12:09 | Variasi: 3 Bulan,,"nov.andrak2024-06-23 12:09 | Variasi: 3 Bulankecewa, awalnya dikasih yg versi openai tapi cuma seminggu log out sendiri, garansi sih tapi pas minta garansi dikasihnya yg model lain (bukan yg login di web openai) berkali kali lagi
admin sangat slow respon dan dilempar ke akun lain yg sama aja slow respon Membantu?Laporkan Penyalahgunaan"
,2023-06-05 18:03 | Variasi: 1 Bulan,,"a*****e2023-06-05 18:03 | Variasi: 1 Bulanbanyak yg make, gabisa pake yg chatgpt41Laporkan Penyalahgunaan"
mad_aldho,2024-09-22 16:58 | Variasi: 3 Bulan,,"mad_aldho2024-09-22 16:58 | Variasi: 3 Bulankirain chat gpt asli ori, eh malah bukan dan slow lagi lambat agak keceea sih gak sesuaiMembantu?Laporkan Penyalahgunaan"
,2023-07-17 07:37 | Variasi: 1 Bulan,,n*****r2023-07-17 07:37 | Variasi: 1 BulanProduk bisa d pakai. Walaupun pelayanan kek s@mphMembantu?Laporkan Penyalahgunaan
,2024-09-21 08:16 | Variasi: 1 Bulan,,"a*****22024-09-21 08:16 | Variasi: 1 Bulanpenjualnya gajelas! chat singkat2 tidak menghargai pembeli samasekali,tidak membantu sama sekali!!!!! ditanya baik2 baru dijawab hari lain!Membantu?Laporkan Penyalahgunaan"
,2023-12-21 19:24 | Variasi: 1 Bulan,,s*****12023-12-21 19:24 | Variasi: 1 BulanGk bisa dipakai setiap saatMembantu?Laporkan Penyalahgunaan
diaz_joki,2024-04-20 13:56 | Variasi: 1 Bulan,,diaz_joki2024-04-20 13:56 | Variasi: 1 BulanribetMembantu?Laporkan Penyalahgunaan
,2024-05-07 12:41 | Variasi: Lifetime,,z*****h2024-05-07 12:41 | Variasi: LifetimeGak sesuai ekspektasiUpdate PenilaianMembantu?Laporkan Penyalahgunaan
ciptazain,2024-06-06 10:53 | Variasi: 1 Bulan,,ciptazain2024-06-06 10:53 | Variasi: 1 Bulanseller slow responMembantu?Laporkan Penyalahgunaan
,2024-03-28 05:11 | Variasi: 3 Bulan,,"b*****i2024-03-28 05:11 | Variasi: 3 BulanTiap hari ganti akun, tiap mau pakai harus minta kode via chat. Balasnya chat seminggu kemudian.Membantu?Laporkan Penyalahgunaan"
,2024-03-04 06:01 | Variasi: 1 Bulan,,e*****12024-03-04 06:01 | Variasi: 1 Bulanslowrespon padahal onlineMembantu?Laporkan Penyalahgunaan
,2024-01-14 23:01 | Variasi: 1 Bulan,,t*****a2024-01-14 23:01 | Variasi: 1 Bulankebanyakan limit 0:04Membantu?Laporkan Penyalahgunaan
,2023-11-20 10:39 | Variasi: 1 Bulan,,h*****n2023-11-20 10:39 | Variasi: 1 Bulan1Laporkan Penyalahgunaan
yangsorasuptisa,2023-09-07 11:18 | Variasi: 1 Bulan,,yangsorasuptisa2023-09-07 11:18 | Variasi: 1 BulanFitur Terbaik: ahAh uhMembantu?Laporkan Penyalahgunaan
alhanif16,2024-04-06 13:07 | Variasi: 1 Bulan,,alhanif162024-04-06 13:07 | Variasi: 1 BulanMembantu?Laporkan Penyalahgunaan
vyandansa,2024-02-11 08:47 | Variasi: 1 Bulan,,vyandansa2024-02-11 08:47 | Variasi: 1 BulanMembantu?Laporkan Penyalahgunaan
,2024-03-04 06:01 | Variasi: 1 Bulan,,e*****12024-03-04 06:01 | Variasi: 1 Bulanslowrespon padahal onlineMembantu?Laporkan Penyalahgunaan
,2024-01-14 23:01 | Variasi: 1 Bulan,,t*****a2024-01-14 23:01 | Variasi: 1 Bulankebanyakan limit 0:04Membantu?Laporkan Penyalahgunaan
,2023-11-20 10:39 | Variasi: 1 Bulan,,h*****n2023-11-20 10:39 | Variasi: 1 Bulan1Laporkan Penyalahgunaan
yangsorasuptisa,2023-09-07 11:18 | Variasi: 1 Bulan,,yangsorasuptisa2023-09-07 11:18 | Variasi: 1 BulanFitur Terbaik: ahAh uhMembantu?Laporkan Penyalahgunaan
alhanif16,2024-04-06 13:07 | Variasi: 1 Bulan,,alhanif162024-04-06 13:07 | Variasi: 1 BulanMembantu?Laporkan Penyalahgunaan
vyandansa,2024-02-11 08:47 | Variasi: 1 Bulan,,vyandansa2024-02-11 08:47 | Variasi: 1 BulanMembantu?Laporkan Penyalahgunaan
,2024-09-04 21:12 | Variasi: 1 Bulan,,s*****a2024-09-04 21:12 | Variasi: 1 BulanMembantu?Laporkan Penyalahgunaan
,2024-04-20 04:48 | Variasi: 1 Bulan,,f*****52024-04-20 04:48 | Variasi: 1 BulanMembantu?Laporkan Penyalahgunaan
,2024-06-07 21:32 | Variasi: 1 Bulan,,c*****a2024-06-07 21:32 | Variasi: 1 BulanMembantu?Laporkan Penyalahgunaan
,2024-10-02 07:26 | Variasi: 1 Bulan,,s*****72024-10-02 07:26 | Variasi: 1 BulanMembantu?Laporkan Penyalahgunaan
ravisyamtoto,2024-03-08 04:35 | Variasi: 1 Bulan,,ravisyamtoto2024-03-08 04:35 | Variasi: 1 BulanMembantu?Laporkan Penyalahgunaan
dewthifl,2024-11-07 06:47 | Variasi: 1 Bulan,,dewthifl2024-11-07 06:47 | Variasi: 1 BulanMembantu?Laporkan Penyalahgunaan
raisalmf,2024-06-23 09:24 | Variasi: 1 Bulan,,raisalmf2024-06-23 09:24 | Variasi: 1 BulanMembantu?Laporkan Penyalahgunaan
,2024-10-30 09:59 | Variasi: 1 Bulan,,m*****t2024-10-30 09:59 | Variasi: 1 BulanMembantu?Laporkan Penyalahgunaan
dimas_mantra,2024-03-21 12:55 | Variasi: 1 Bulan,,dimas_mantra2024-03-21 12:55 | Variasi: 1 BulanMembantu?Laporkan Penyalahgunaan
fathiaanggrainynst,2024-06-07 15:48 | Variasi: 1 Bulan,,fathiaanggrainynst2024-06-07 15:48 | Variasi: 1 BulanMembantu?Laporkan Penyalahgunaan
anangpare,2024-10-10 06:05 | Variasi: 1 Bulan,,anangpare2024-10-10 06:05 | Variasi: 1 BulanMembantu?Laporkan Penyalahgunaan
,2024-11-08 05:45 | Variasi: 3 Bulan,,s*****e2024-11-08 05:45 | Variasi: 3 BulanMembantu?Laporkan Penyalahgunaan
andrawcksn14,2024-03-31 00:56 | Variasi: 1 Bulan,,andrawcksn142024-03-31 00:56 | Variasi: 1 BulanMembantu?Laporkan Penyalahgunaan
raihanfajri02,2024-02-10 17:59 | Variasi: 1 Bulan,,raihanfajri022024-02-10 17:59 | Variasi: 1 BulanMembantu?Laporkan Penyalahgunaan
abimanyusyaelindra,2024-06-23 11:28 | Variasi: 1 Bulan,,abimanyusyaelindra2024-06-23 11:28 | Variasi: 1 BulanMembantu?Laporkan Penyalahgunaan
inayahsals,2024-10-14 16:48 | Variasi: 1 Bulan,,inayahsals2024-10-14 16:48 | Variasi: 1 BulanMembantu?Laporkan Penyalahgunaan
uhadhilal,2024-08-20 05:28 | Variasi: 1 Bulan,,uhadhilal2024-08-20 05:28 | Variasi: 1 BulanMembantu?Laporkan Penyalahgunaan
,2024-01-10 18:15 | Variasi: 1 Bulan,,a*****32024-01-10 18:15 | Variasi: 1 BulanMembantu?Laporkan Penyalahgunaan
allambarja,2024-08-24 10:44 | Variasi: 1 Bulan,,allambarja2024-08-24 10:44 | Variasi: 1 BulanMembantu?Laporkan Penyalahgunaan
,2024-10-15 12:46 | Variasi: 3 Bulan,,f*****n2024-10-15 12:46 | Variasi: 3 BulanMembantu?Laporkan Penyalahgunaan
bonniestevhenvanhouten,2024-08-09 13:55 | Variasi: 1 Bulan,,bonniestevhenvanhouten2024-08-09 13:55 | Variasi: 1 BulanMembantu?Laporkan Penyalahgunaan
mokhamadsurianto,2024-06-29 06:58 | Variasi: 1 Bulan,,mokhamadsurianto2024-06-29 06:58 | Variasi: 1 BulanMembantu?Laporkan Penyalahgunaan
zegaz,2024-01-22 15:01 | Variasi: 3 Bulan,,zegaz2024-01-22 15:01 | Variasi: 3 BulanMembantu?Laporkan Penyalahgunaan
glorencyaoktav,2024-09-28 16:54 | Variasi: 1 Bulan,,glorencyaoktav2024-09-28 16:54 | Variasi: 1 BulanMembantu?Laporkan Penyalahgunaan
nabilaaaaaa21,2024-08-28 18:40 | Variasi: 1 Bulan,,nabilaaaaaa212024-08-28 18:40 | Variasi: 1 BulanMembantu?Laporkan Penyalahgunaan
,2024-11-05 20:04 | Variasi: 1 Bulan,,j*****42024-11-05 20:04 | Variasi: 1 BulanMembantu?Laporkan Penyalahgunaan
jorghiandre,2024-01-29 00:29 | Variasi: 1 Bulan,,jorghiandre2024-01-29 00:29 | Variasi: 1 BulanMembantu?Laporkan Penyalahgunaan
farihafizh01,2024-09-24 20:12 | Variasi: 1 Bulan,,farihafizh012024-09-24 20:12 | Variasi: 1 BulanMembantu?Laporkan Penyalahgunaan
timo88,2024-09-13 07:16 | Variasi: Lifetime,,timo882024-09-13 07:16 | Variasi: LifetimeMembantu?Laporkan Penyalahgunaan
a.angrahmat,2024-11-04 06:25 | Variasi: 1 Bulan,,a.angrahmat2024-11-04 06:25 | Variasi: 1 BulanMembantu?Laporkan Penyalahgunaan
alpeus18,2024-10-02 22:23 | Variasi: 3 Bulan,,alpeus182024-10-02 22:23 | Variasi: 3 BulanMembantu?Laporkan Penyalahgunaan
hendramarcos,2024-03-28 13:55 | Variasi: 3 Bulan,,hendramarcos2024-03-28 13:55 | Variasi: 3 BulanMembantu?Laporkan Penyalahgunaan
muhammad.abi,2024-02-26 01:03 | Variasi: 3 Bulan,,muhammad.abi2024-02-26 01:03 | Variasi: 3 BulanMembantu?Laporkan Penyalahgunaan
leonardogosman,2024-01-23 23:21 | Variasi: 1 Bulan,,leonardogosman2024-01-23 23:21 | Variasi: 1 BulanMembantu?Laporkan Penyalahgunaan
aldasagala12,2024-01-02 15:10 | Variasi: 1 Bulan,,aldasagala122024-01-02 15:10 | Variasi: 1 BulanMembantu?Laporkan Penyalahgunaan
g0_desain_graphic,2024-02-09 15:41 | Variasi: 1 Bulan,,g0_desain_graphic2024-02-09 15:41 | Variasi: 1 BulanMembantu?Laporkan Penyalahgunaan
agung_susanto_18,2023-12-30 19:32 | Variasi: 1 Bulan,,"agung_susanto_182023-12-30 19:32 | Variasi: 1 BulanPerlu di perbaiki baik pelayanan ataupun jasa, ribet kalo apa² terjadi kendala, tidak usah pake akun² fake, sgala cara di halalkan. Ada harga ada kualitas.1Laporkan Penyalahgunaan"
ridhorifal2,2024-07-08 10:40 | Variasi: 3 Bulan,,"ridhorifal22024-07-08 10:40 | Variasi: 3 Bulankurang bngt cuman bisa sekali doanh chatgpt plus after itu kena error di system mulu, admin selalu online tp ga dibales lagiMembantu?Laporkan Penyalahgunaan"
rizkysabila07,2024-05-24 09:32 | Variasi: 1 Bulan,,"rizkysabila072024-05-24 09:32 | Variasi: 1 Bulancuma bisa beberapa hari doanggg, ga sampe 5 hariiiiii, pas ditanya juga gaada responMembantu?Laporkan Penyalahgunaan"
byebuyme,2024-05-20 12:07 | Variasi: 1 Bulan,,"byebuyme2024-05-20 12:07 | Variasi: 1 BulanBaru sekali pake langsung error, katanya ada garansi tapi chat sampe sekarang blm dibales, tlg dong tanggung jawabnya🥲Membantu?Laporkan Penyalahgunaan"
6s_10fb6aw,2024-09-21 08:30 | Variasi: 1 Bulan,,"6s_10fb6aw2024-09-21 08:30 | Variasi: 1 BulanFungsi: baik, lamus(lancar dan mulus)Desain: okPenggunaan: sangat layakmantul pokoknyaUpdate Penilaianno responMembantu?Laporkan Penyalahgunaan"
,2024-03-06 10:01 | Variasi: 1 Bulan,,"a*****32024-03-06 10:01 | Variasi: 1 Bulanbagus bisa dibuat langganan, cht gpt work toppp lahh pokoknya 0:04Update Penilaianpelayanan 0Membantu?Laporkan Penyalahgunaan"
,2024-10-04 09:37 | Variasi: 1 Bulan,,"q*****p2024-10-04 09:37 | Variasi: 1 BulanPenggunaan: Penggunaan terbatasSehari pake lancar, besoknya udah gabisa. Padahal jarang pake.Membantu?Laporkan Penyalahgunaan"
goodtimeforme,2024-02-19 19:06 | Variasi: 1 Bulan,,"goodtimeforme2024-02-19 19:06 | Variasi: 1 BulanKebanyakan user, kuota ga kebagian, mending pikir pikir lagi deh mau beli wkwkwkwk, not worthMembantu?Laporkan Penyalahgunaan"
albirkarim1,2024-01-22 09:11 | Variasi: 1 Bulan,,albirkarim12024-01-22 09:11 | Variasi: 1 BulanGpt 4 nya udh kepake muluMembantu?Laporkan Penyalahgunaan
ikhsanch,2024-09-21 07:18 | Variasi: 1 Bulan,,"ikhsanch2024-09-21 07:18 | Variasi: 1 BulanBagus, tapi terlalu banyak penggunanya sampe gabisa digunainMembantu?Laporkan Penyalahgunaan"
ramdhani1313,2023-12-13 18:27 | Variasi: 1 Bulan,,ramdhani13132023-12-13 18:27 | Variasi: 1 BulanKelimit terus sama orang lain jadi percuma gakbisa pake gpt 4Membantu?Laporkan Penyalahgunaan
,2024-05-27 06:11 | Variasi: 1 Bulan,,"a*****s2024-05-27 06:11 | Variasi: 1 BulanPengguna nya slow resp, jadinya ga kepake chat gpt yang udah dibeliMembantu?Laporkan Penyalahgunaan"
,2024-11-07 19:15 | Variasi: 1 Bulan,,m*****m2024-11-07 19:15 | Variasi: 1 BulanFungsi: memang aiDesain: aiPenggunaan: bukan chat gpt Voicetidak login ke aplikasi chat gpt.Membantu?Laporkan Penyalahgunaan
,2024-07-06 12:18 | Variasi: 3 Bulan,,"3*****o2024-07-06 12:18 | Variasi: 3 BulanBeli 3 bulan 
1 bulan okey dikasih akun 
Untuk bulan berikutnya dikasih bukan akun chat gpt ., dikasih akun lain ., alasan nya akun chat gpt sedang error ., nyoba beli pake akun shopee lain dikasih lah akun chat gpt ., hemmMembantu?Laporkan Penyalahgunaan"
,2024-07-03 21:54 | Variasi: 1 Bulan,,o*****i2024-07-03 21:54 | Variasi: 1 Bulanbisa lebih baik ya pelayanannyaMembantu?Laporkan Penyalahgunaan
,2024-03-30 18:57 | Variasi: 1 Bulan,,"w*****i2024-03-30 18:57 | Variasi: 1 Bulansering error dan selalu disuruh ganti akun tapi saja tetep error, tolong ditingkatkan lagi 🙏🏻Membantu?Laporkan Penyalahgunaan"
afham_pratama,2024-07-18 10:34 | Variasi: 1 Bulan,,"afham_pratama2024-07-18 10:34 | Variasi: 1 Bulantidak bisa dipakai, terlalu ramai penggunaMembantu?Laporkan Penyalahgunaan"
rainkaaa,2024-10-31 07:00 | Variasi: 1 Bulan,,rainkaaa2024-10-31 07:00 | Variasi: 1 Bulanweb chat bot ini bukan OPEN AIMembantu?Laporkan Penyalahgunaan
nurcholisramlan,2023-06-06 22:10 | Variasi: 1 Bulan,,nurcholisramlan2023-06-06 22:10 | Variasi: 1 BulanSudah gak bisa digunakan lagi 🥲Membantu?Laporkan Penyalahgunaan
muhamadmansur77,2023-05-11 08:26 | Variasi: 3 Bulan,,muhamadmansur772023-05-11 08:26 | Variasi: 3 BulanPerlu diupdateMembantu?Laporkan Penyalahgunaan
andiher54,2024-07-24 10:52 | Variasi: 1 Bulan,,"andiher542024-07-24 10:52 | Variasi: 1 BulanBukan akun chatgpt, melainkan akun bot ai lain.Membantu?Laporkan Penyalahgunaan"
mragusmuliana,2024-11-09 13:08 | Variasi: 1 Bulan,,"mragusmuliana2024-11-09 13:08 | Variasi: 1 BulanIni akun share, lebih sering ga bisa dipakai karena limitMembantu?Laporkan Penyalahgunaan"
erfangazali,2023-12-03 21:26 | Variasi: 1 Bulan,,erfangazali2023-12-03 21:26 | Variasi: 1 Bulanjoss pokoEUpdate Penilaianawalnya sih lancar tetapi beberapa kali pemakaian akun tidak bisa diakses. sampai 4 kali ganti akun semua disuspend minta yang 5 kali.. malah dicuekkin padahal belum habis masa pemakaian..Membantu?Laporkan Penyalahgunaan
ggrrraawwss,2023-09-26 14:00 | Variasi: 1 Bulan,,ggrrraawwss2023-09-26 14:00 | Variasi: 1 BulanSepadan dengan Harga: sama aja kaya sign up biasapada akhirnya ChatGPT 4 nya dari beberapa hari kemarin coba ga kebagian sama sekali sangking sharing sama banyak orang. ya pada akhir nya kebagian yang default 3.5 aja.3Laporkan Penyalahgunaan
haidarhaidar707,2024-11-09 21:21 | Variasi: 1 Bulan,,haidarhaidar7072024-11-09 21:21 | Variasi: 1 BulanTernyata dipake sama banyak orang1Laporkan Penyalahgunaan
rikfantokarya,2023-11-03 10:22 | Variasi: 1 Bulan,,rikfantokarya2023-11-03 10:22 | Variasi: 1 BulanSering tidak bisa digunakan.Membantu?Laporkan Penyalahgunaan
,2024-03-18 22:47 | Variasi: 1 Bulan,,v*****a2024-03-18 22:47 | Variasi: 1 BulanMembantu?Laporkan Penyalahgunaan
auliaraniiiiii,2024-07-12 08:05 | Variasi: 1 Bulan,,auliaraniiiiii2024-07-12 08:05 | Variasi: 1 BulanUpdate Penilaianjarang bgt kepakeee karna ai nya lebih banyak jawab gatau jawaban wkwk dan jawaban yg diberikan pun kurang akurat Membantu?Laporkan Penyalahgunaan
bangajix2,2024-03-16 20:18 | Variasi: 1 Bulan,,bangajix22024-03-16 20:18 | Variasi: 1 BulanMembantu?Laporkan Penyalahgunaan
fadhlidj2,2024-06-07 22:02 | Variasi: 1 Bulan,,fadhlidj22024-06-07 22:02 | Variasi: 1 BulanMembantu?Laporkan Penyalahgunaan
smart.hijab_,2024-06-10 17:30 | Variasi: 1 Bulan,,smart.hijab_2024-06-10 17:30 | Variasi: 1 BulanMembantu?Laporkan Penyalahgunaan
radarmania,2024-09-12 11:38 | Variasi: 1 Bulan,,radarmania2024-09-12 11:38 | Variasi: 1 BulanMembantu?Laporkan Penyalahgunaan
,2024-11-10 12:59 | Variasi: 1 Bulan,,a*****52024-11-10 12:59 | Variasi: 1 BulanMembantu?Laporkan Penyalahgunaan
gifaryhhadatul,2024-09-07 16:59 | Variasi: 1 Bulan,,gifaryhhadatul2024-09-07 16:59 | Variasi: 1 BulanMembantu?Laporkan Penyalahgunaan
sonia102000,2024-07-17 20:58 | Variasi: 1 Bulan,,sonia1020002024-07-17 20:58 | Variasi: 1 BulanMembantu?Laporkan Penyalahgunaan
alda__nabila,2024-06-02 20:41 | Variasi: 1 Bulan,,"alda__nabila2024-06-02 20:41 | Variasi: 1 BulanUpdate PenilaianDahlah, kecewa. Sering bermasalah, lowresp. Claim garansi tapi akun yang dikasih bukan chat gpt, tapi ai lain. Cukuplah sampe sini aja, byeMembantu?Laporkan Penyalahgunaan"
dendyadinirwana123,2024-05-28 11:59 | Variasi: 1 Bulan,,dendyadinirwana1232024-05-28 11:59 | Variasi: 1 BulanMembantu?Laporkan Penyalahgunaan
221088dimaswidya,2024-09-22 17:33 | Variasi: 1 Bulan,,221088dimaswidya2024-09-22 17:33 | Variasi: 1 BulanMembantu?Laporkan Penyalahgunaan
aguss.harmono,2024-09-30 14:05 | Variasi: 1 Bulan,,aguss.harmono2024-09-30 14:05 | Variasi: 1 BulanMembantu?Laporkan Penyalahgunaan
fitrhman3,2024-08-02 19:27 | Variasi: 1 Bulan,,fitrhman32024-08-02 19:27 | Variasi: 1 BulanMembantu?Laporkan Penyalahgunaan
dwisekarsari1,2024-06-13 20:10 | Variasi: 1 Bulan,,dwisekarsari12024-06-13 20:10 | Variasi: 1 BulanMembantu?Laporkan Penyalahgunaan
1304...,2024-09-06 14:57 | Variasi: 1 Bulan,,1304...2024-09-06 14:57 | Variasi: 1 BulanMembantu?Laporkan Penyalahgunaan
mulyanas14,2024-10-30 13:38 | Variasi: 1 Bulan,,mulyanas142024-10-30 13:38 | Variasi: 1 BulanMembantu?Laporkan Penyalahgunaan
mailliw0981,2024-03-04 15:32 | Variasi: 1 Bulan,,mailliw09812024-03-04 15:32 | Variasi: 1 BulanMembantu?Laporkan Penyalahgunaan
anastasyaputriliara,2024-03-16 21:45 | Variasi: 1 Bulan,,anastasyaputriliara2024-03-16 21:45 | Variasi: 1 BulanMembantu?Laporkan Penyalahgunaan
,2024-07-23 06:48 | Variasi: 1 Bulan,,i*****a2024-07-23 06:48 | Variasi: 1 BulanMembantu?Laporkan Penyalahgunaan
takrekcok,2024-06-12 14:42 | Variasi: 1 Bulan,,takrekcok2024-06-12 14:42 | Variasi: 1 BulanMembantu?Laporkan Penyalahgunaan
sndika_ilham,2024-04-29 08:27 | Variasi: 1 Bulan,,sndika_ilham2024-04-29 08:27 | Variasi: 1 BulanMembantu?Laporkan Penyalahgunaan
fazafarhanhidayat,2024-05-24 00:03 | Variasi: 1 Bulan,,fazafarhanhidayat2024-05-24 00:03 | Variasi: 1 BulanMembantu?Laporkan Penyalahgunaan
afifaprilio16,2024-08-24 15:54 | Variasi: 1 Bulan,,afifaprilio162024-08-24 15:54 | Variasi: 1 BulanMembantu?Laporkan Penyalahgunaan
allysyahanna,2024-09-11 19:41 | Variasi: 1 Bulan,,allysyahanna2024-09-11 19:41 | Variasi: 1 BulanMembantu?Laporkan Penyalahgunaan
izzotin,2024-10-09 06:34 | Variasi: 1 Bulan,,izzotin2024-10-09 06:34 | Variasi: 1 BulanMembantu?Laporkan Penyalahgunaan
humairatami,2024-10-26 04:22 | Variasi: 1 Bulan,,humairatami2024-10-26 04:22 | Variasi: 1 BulanMembantu?Laporkan Penyalahgunaan
,2024-06-02 16:31 | Variasi: 3 Bulan,,"a*****t2024-06-02 16:31 | Variasi: 3 BulanUpdate Penilaianawalnya baik baik aja, tpi gptnya gk bisa login lagi, udah menghubungi admin tapi malah di kasih ai lain😔. 1Laporkan Penyalahgunaan"
tomydwis,2023-12-01 16:38 | Variasi: 1 Bulan,,tomydwis2023-12-01 16:38 | Variasi: 1 BulanMembantu?Laporkan Penyalahgunaan
uwaisganteng1,2023-12-02 11:46 | Variasi: 1 Bulan,,uwaisganteng12023-12-02 11:46 | Variasi: 1 BulanMembantu?Laporkan Penyalahgunaan
mahersungkar11,2023-11-17 20:43 | Variasi: 1 Bulan,,mahersungkar112023-11-17 20:43 | Variasi: 1 BulanMembantu?Laporkan Penyalahgunaan
arifnurrahman456,2023-10-31 02:34 | Variasi: 1 Bulan,,arifnurrahman4562023-10-31 02:34 | Variasi: 1 Bulan1Laporkan Penyalahgunaan
rohmabahro,2023-10-30 06:17 | Variasi: 1 Bulan,,rohmabahro2023-10-30 06:17 | Variasi: 1 BulanMembantu?Laporkan Penyalahgunaan
zahirhaqi,2023-10-15 19:54 | Variasi: 1 Bulan,,zahirhaqi2023-10-15 19:54 | Variasi: 1 BulanMembantu?Laporkan Penyalahgunaan
,2023-10-06 10:59 | Variasi: 1 Bulan,,m*****82023-10-06 10:59 | Variasi: 1 BulanMembantu?Laporkan Penyalahgunaan
ja.startup,2023-10-04 08:06 | Variasi: 1 Bulan,,ja.startup2023-10-04 08:06 | Variasi: 1 BulanMembantu?Laporkan Penyalahgunaan
imamghzh,2024-09-18 08:40 | Variasi: 3 Bulan,,imamghzh2024-09-18 08:40 | Variasi: 3 BulanMembantu?Laporkan Penyalahgunaan
pingkyafseherina,2023-09-10 09:51 | Variasi: 1 Bulan,,pingkyafseherina2023-09-10 09:51 | Variasi: 1 BulanUpdate PenilaianMaaf di ubah ini belum 1 bulan tapi kok udah ga bisa di pake aja Membantu?Laporkan Penyalahgunaan
_irobertjr,2023-08-29 08:49 | Variasi: 1 Bulan,,_irobertjr2023-08-29 08:49 | Variasi: 1 BulanMembantu?Laporkan Penyalahgunaan
,2023-08-23 11:10 | Variasi: 1 Bulan,,h*****s2023-08-23 11:10 | Variasi: 1 BulanMembantu?Laporkan Penyalahgunaan
,2024-02-11 23:53 | Variasi: 1 Bulan,,"b*****a2024-02-11 23:53 | Variasi: 1 BulanCapeeee bgttt, ini murah yaaa but aahhh sudahlah
Ini kyknya satu akun yg pake 50 org maybee?
Seringgg bgt ganti-ganti pw sama email! Padahal itu msh waktu langganan jadinya di waktu butuh mau pake hrus cht  admin lgi minta pw dn email baru dan itu lama bgt di responn
Jadinya aku jarang bgt pake karena emang most of the time gabisa dipakee karena apa? Yess kebnykn akun yg pakee
Saran buat temen-temen mending beli langsung yang privat dari cht gpt nyaa jgn tergiur harga murahh kalo ujung-ujungnya ga di pake jg kyk gini582Laporkan Penyalahgunaan"
sukrisebatik493,2023-08-03 01:20 | Variasi: 1 Bulan,,"sukrisebatik4932023-08-03 01:20 | Variasi: 1 BulanSepadan dengan Harga: Gak smpai 10 hari udah gk bsa d akses, akun d hapus... padahal katanya sebulan.40Laporkan Penyalahgunaan"
,2023-06-06 11:47 | Variasi: 1 Bulan,,"b*****12023-06-06 11:47 | Variasi: 1 BulanBaru dipake bentar udh ga bisa log in, ga ada respon dari penjual. Sangat merugikan30Laporkan Penyalahgunaan"
afif1001,2023-08-02 23:43 | Variasi: 1 Bulan,,"afif10012023-08-02 23:43 | Variasi: 1 BulanPENJUAL TIDAK BERTANGGUNG JAWAB YAH !!!

JANGAN PERNAH BELI DISINI .. CHAT GPT YANG DIBERIKA TIDAK PERNAH BAGUS24Laporkan Penyalahgunaan"
,2023-10-17 21:05 | Variasi: 1 Bulan,,y*****x2023-10-17 21:05 | Variasi: 1 BulanTidak puas. ChatGPT Plus ga bisa dipakai. Maksimal cuma bisa 2 menit bahkan sering ga sampe 1 menit udah kena limit. Sepertinya seller memasukkan terlalu banyak orang ke dalam satu akun sehingga cepat kena limit.19Laporkan Penyalahgunaan
litaoktavia897,2024-01-08 18:17 | Variasi: 1 Bulan,,litaoktavia8972024-01-08 18:17 | Variasi: 1 BulanPENIPUUUUUUU JANGAN PERNAH MAU BELI DI TOKO INI!!!!!!! CHAT GA DI RESPON DAN EMAIL GA DIKIRIM.. PENIPUUUU!!!!! BINTANG SATU12Laporkan Penyalahgunaan
,2024-01-30 14:58 | Variasi: 1 Bulan,,"r*****a2024-01-30 14:58 | Variasi: 1 BulanGa usah beli disini satu akunnya aja ada 100 orang kayaknya yg make, baru siap 3 jam gpt 4 udh kehabisan duluan. Gua beli paket sebulan, belum genap sebulan udh kaga bisa dipakek, terus adminnya ga merespon lagi. Nyesel banget sumpah.12Laporkan Penyalahgunaan"
rkybzsy5tt,2024-01-14 21:27 | Variasi: 1 Bulan,,"rkybzsy5tt2024-01-14 21:27 | Variasi: 1 BulanAti ati aja ini mereka ga punya tanggung jawab, diawal nanggepin nya cepet abis bayar minta password atau komplain susah bngt. Dilempar suruh nge wa abis di wa ga bales2 juga, di chat lewat shoppe juga ga bales2. Akunnya tiba2 suka nutup sndiri kita minta penggantinya lama banget dikasih nya11Laporkan Penyalahgunaan"
zayyanrakhman,2024-03-21 10:36 | Variasi: Lifetime,,"zayyanrakhman2024-03-21 10:36 | Variasi: Lifetimeslow respon, dikasih akun baru, minta verif terus, beli lifetime dapet rugi saja, sekali pakai 1-2 menit limit, dah gitu minta akun baru aja dibalesnya bisa nunggu buka puasa.

UPDATE! sekarang saya di block tidak bisa minta akses kode lagi, beli lifetime mahal2 malah kena blockUpdate PenilaianUpdate lagi: error system lama katanya, dikamarin berminggu2 kemudian. Beli lifetime diancam kalo mau pake harus ubah penilaian saya yg jujur. Bener seperti kata yang lain, ikhlasin aja buat pembelajaran 🙏19Laporkan Penyalahgunaan"
oongfatur,2024-05-30 07:22 | Variasi: 1 Bulan,,oongfatur2024-05-30 07:22 | Variasi: 1 BulanPenjual tdk amanah. Beli chatgpt dapatnya wrtn.ai komplain tdk direspon. Silahkan cek bukti berupa ss sayaUpdate Penilaian5Laporkan Penyalahgunaan
,2024-02-05 14:08 | Variasi: 1 Bulan,,"m*****l2024-02-05 14:08 | Variasi: 1 BulanBad service, sharing. Cuma bisa dipakai 1 kali per 3 jam, bikin pusing kepala.4Laporkan Penyalahgunaan"
,2024-07-01 11:33 | Variasi: 1 Bulan,,"a*****n2024-07-01 11:33 | Variasi: 1 BulanFungsi: SAYA KETIPU. Ini bukan ChatGPT, tpi website pihak ketiga yaitu Chatbot, fungsinya malah lebih sdikit dari ChatGPT asli, dan akun yg dikasi memang tidak bisa login di ChatGPT asliKatanya ChatGPT Plus Premium, bahkan di websitenya ada pakai embel2 GPT-4 dan GPT-4o. Eh pas saya coba kok kyk kurang aja rasanya dri jawabannya, trus saya tanya pakai bhasa pemrograman apa? eh dia jawab masih pakai GPT-3 itu kan udh jadul bgt. Jadi pesan sya hati2 aja kalau udh murah udh pasti kualitasnya murah jga jgn mudah ketipu. Saya paham yg begini2an5Laporkan Penyalahgunaan"
,2024-01-30 14:58 | Variasi: 1 Bulan,,"r*****a2024-01-30 14:58 | Variasi: 1 BulanGa usah beli disini satu akunnya aja ada 100 orang kayaknya yg make, baru siap 3 jam gpt 4 udh kehabisan duluan. Gua beli paket sebulan, belum genap sebulan udh kaga bisa dipakek, terus adminnya ga merespon lagi. Nyesel banget sumpah.12Laporkan Penyalahgunaan"
rkybzsy5tt,2024-01-14 21:27 | Variasi: 1 Bulan,,"rkybzsy5tt2024-01-14 21:27 | Variasi: 1 BulanAti ati aja ini mereka ga punya tanggung jawab, diawal nanggepin nya cepet abis bayar minta password atau komplain susah bngt. Dilempar suruh nge wa abis di wa ga bales2 juga, di chat lewat shoppe juga ga bales2. Akunnya tiba2 suka nutup sndiri kita minta penggantinya lama banget dikasih nya11Laporkan Penyalahgunaan"
zayyanrakhman,2024-03-21 10:36 | Variasi: Lifetime,,"zayyanrakhman2024-03-21 10:36 | Variasi: Lifetimeslow respon, dikasih akun baru, minta verif terus, beli lifetime dapet rugi saja, sekali pakai 1-2 menit limit, dah gitu minta akun baru aja dibalesnya bisa nunggu buka puasa.

UPDATE! sekarang saya di block tidak bisa minta akses kode lagi, beli lifetime mahal2 malah kena blockUpdate PenilaianUpdate lagi: error system lama katanya, dikamarin berminggu2 kemudian. Beli lifetime diancam kalo mau pake harus ubah penilaian saya yg jujur. Bener seperti kata yang lain, ikhlasin aja buat pembelajaran 🙏19Laporkan Penyalahgunaan"
oongfatur,2024-05-30 07:22 | Variasi: 1 Bulan,,oongfatur2024-05-30 07:22 | Variasi: 1 BulanPenjual tdk amanah. Beli chatgpt dapatnya wrtn.ai komplain tdk direspon. Silahkan cek bukti berupa ss sayaUpdate Penilaian5Laporkan Penyalahgunaan
,2024-02-05 14:08 | Variasi: 1 Bulan,,"m*****l2024-02-05 14:08 | Variasi: 1 BulanBad service, sharing. Cuma bisa dipakai 1 kali per 3 jam, bikin pusing kepala.4Laporkan Penyalahgunaan"
,2024-07-01 11:33 | Variasi: 1 Bulan,,"a*****n2024-07-01 11:33 | Variasi: 1 BulanFungsi: SAYA KETIPU. Ini bukan ChatGPT, tpi website pihak ketiga yaitu Chatbot, fungsinya malah lebih sdikit dari ChatGPT asli, dan akun yg dikasi memang tidak bisa login di ChatGPT asliKatanya ChatGPT Plus Premium, bahkan di websitenya ada pakai embel2 GPT-4 dan GPT-4o. Eh pas saya coba kok kyk kurang aja rasanya dri jawabannya, trus saya tanya pakai bhasa pemrograman apa? eh dia jawab masih pakai GPT-3 itu kan udh jadul bgt. Jadi pesan sya hati2 aja kalau udh murah udh pasti kualitasnya murah jga jgn mudah ketipu. Saya paham yg begini2an5Laporkan Penyalahgunaan"
abdil_fadly,2023-06-15 06:19 | Variasi: 1 Bulan,,"abdil_fadly2023-06-15 06:19 | Variasi: 1 BulanBaru di pake beberapa hari udah nga bisa login, email ama password salahrespon penjual:Pembeli di dalam 1 group mw rusakin lapak kami. 

Jgn iri sampe kyk gini jg.12Laporkan Penyalahgunaan"
rafhanirosyidah,2023-08-13 08:58 | Variasi: 1 Bulan,,rafhanirosyidah2023-08-13 08:58 | Variasi: 1 BulanBarang tdk pernah saya terima dan tdk ada bukti penerimaan tp tiba² tertulis telah sampai22Laporkan Penyalahgunaan
rifuhaing,2024-10-31 09:55 | Variasi: 1 Bulan,,rifuhaing2024-10-31 09:55 | Variasi: 1 BulanFungsi: erorDesain: jelekPenggunaan: tidak bisa di gunakan secara normalsatu akun untuk semua jadinya giniMembantu?Laporkan Penyalahgunaan
,2024-11-03 01:10 | Variasi: 1 Bulan,,h*****32024-11-03 01:10 | Variasi: 1 BulanFungsi: TIDAK AMANAHSUMPAH DEMI APAPUN GAUSAH PESEN DISINI LAGI ADMINNYA GA AMANAH SAMA SEKALI SLOW RESPON BANGET DI CHAT MALAH DIANYA BALIK MARAH 👎🏻👎🏻👎🏻👎🏻Membantu?Laporkan Penyalahgunaan
imamramdhania,2024-10-08 06:31 | Variasi: 3 Bulan,,"imamramdhania2024-10-08 06:31 | Variasi: 3 BulanBeda dengan chatgpt asli, sering error harus nunggu karena overload1Laporkan Penyalahgunaan"
,2024-10-31 09:34 | Variasi: 3 Bulan,,"_*****_2024-10-31 09:34 | Variasi: 3 BulanFungsi: Very BadPenggunaan: BadSaran ku beli di toko yg trusted aja, setuju banget sm yg kasih bintang 1, kalo ada opsi bintang 0 mungkin gua bakal kasi bintang 0.
Pembelian pertama masih sabar gue, pembelian kedua uda capr banget, gonta ganti password, mana gitu admin slowrespon. Urgent banget jadi gue kesel, low quality bgt lahMembantu?Laporkan Penyalahgunaan"
diendi.a,2024-10-25 11:14 | Variasi: 1 Bulan,,"diendi.a2024-10-25 11:14 | Variasi: 1 BulanKetipu, ini bukan chat gpt tapi chatbot ai, daya g minta dikembalikan dana tapi saya mau kasih tau kalau menjual barang itu yang jujur y.1Laporkan Penyalahgunaan"
,2023-04-14 00:08 | Variasi: 1 Bulan,,m*****a2023-04-14 00:08 | Variasi: 1 Bulanovershared belum sebulan juga udah gabisa dipake lagi21Laporkan Penyalahgunaan
muh.ashif13,2023-09-10 21:43 | Variasi: 1 Bulan,,"muh.ashif132023-09-10 21:43 | Variasi: 1 BulanSepadan dengan Harga:Tidak
Fitur Terbaik:Tidak

Tidak bisa dipakai password nya sudah digantiUpdate Penilaian14Laporkan Penyalahgunaan"
,2023-08-06 09:48 | Variasi: 1 Bulan,,"t*****a2023-08-06 09:48 | Variasi: 1 BulanHati-hati, penjual penipu, belum sampai sebulan akun sudah tidak aktif !!!respon penjual:Anda sendiri yg gak mau garansi, yg salah siapa ?14Laporkan Penyalahgunaan"
dhotasi,2023-08-21 15:51 | Variasi: 3 Bulan,,dhotasi2023-08-21 15:51 | Variasi: 3 BulanMenghilang tanpa jejak... janjinya 3 bulan...10Laporkan Penyalahgunaan
,2023-12-18 20:00 | Variasi: 1 Bulan,,r*****m2023-12-18 20:00 | Variasi: 1 BulanSelalu reached current cap dan harus menunggu 1 jam lebih supaya bisa promt kembali.3Laporkan Penyalahgunaan
bang_irz,2023-12-12 22:35 | Variasi: Lifetime,,bang_irz2023-12-12 22:35 | Variasi: LifetimeAkun tdk bisa digunakan dgn baik.3Laporkan Penyalahgunaan
harry_arya12,2024-08-19 12:31 | Variasi: 1 Bulan,,harry_arya122024-08-19 12:31 | Variasi: 1 BulanMakeknya gpt yang dikunakan masih 3.5 dan berame2Laporkan Penyalahgunaan
sonihrtdi,2024-08-20 22:16 | Variasi: 1 Bulan,,"sonihrtdi2024-08-20 22:16 | Variasi: 1 BulanWeb Mirror, KW, bukan asli2Laporkan Penyalahgunaan"
,2024-02-11 01:30 | Variasi: 1 Bulan,,k*****e2024-02-11 01:30 | Variasi: 1 BulanTerlalu sering tiba tiba akun ga pro2Laporkan Penyalahgunaan
aziz_101,2024-07-07 22:23 | Variasi: 1 Bulan,,aziz_1012024-07-07 22:23 | Variasi: 1 BulanFungsi: 👎Desain: 👎Penggunaan: 👎Bukan akun asli ChatGPT2Laporkan Penyalahgunaan
umar_haq,2023-11-20 15:49 | Variasi: 3 Bulan,,"umar_haq2023-11-20 15:49 | Variasi: 3 BulanUpdate PenilaianCuma bisa sebulan, setelah itu gak bisa
Padahal saya beli yang 3 bulan

Semoga seller bertanggungjawab
Segera saya ganti ratingnya
Jika seller tanggung jawab5Laporkan Penyalahgunaan"
ary139,2023-08-07 20:19 | Variasi: 1 Bulan,,ary1392023-08-07 20:19 | Variasi: 1 BulanUdah 3x ganti akun selalu kena limit9Laporkan Penyalahgunaan
farhanharyadi99,2023-12-27 15:27 | Variasi: 1 Bulan,,farhanharyadi992023-12-27 15:27 | Variasi: 1 BulanGabisa dipake3Laporkan Penyalahgunaan
yudhaelfama,2024-01-04 11:43 | Variasi: 1 Bulan,,yudhaelfama2024-01-04 11:43 | Variasi: 1 BulanBurika ah2Laporkan Penyalahgunaan
kunzx404,2023-06-01 11:39 | Variasi: 1 Bulan,,kunzx4042023-06-01 11:39 | Variasi: 1 Bulanbusuk dipake banyak orang gk bisa dipake8Laporkan Penyalahgunaan
anwar29mei,2024-11-07 19:28 | Variasi: 1 Bulan,,anwar29mei2024-11-07 19:28 | Variasi: 1 BulanFungsi: produk tidak bisa digunakanDesain: admin lambat membalasMembantu?Laporkan Penyalahgunaan
,2024-03-30 11:29 | Variasi: 1 Bulan,,t*****a2024-03-30 11:29 | Variasi: 1 BulanbaikUpdate Penilaianslowresp parah 2Laporkan Penyalahgunaan
,2023-12-12 20:18 | Variasi: 1 Bulan,,m*****r2023-12-12 20:18 | Variasi: 1 BulanMantapUpdate PenilaianDahlah nyesal..1Laporkan Penyalahgunaan
,2023-12-25 18:47 | Variasi: 1 Bulan,,a*****x2023-12-25 18:47 | Variasi: 1 Bulangabisa dipakai sama sekali krn limit1Laporkan Penyalahgunaan
k1_5txiouw,2024-10-18 11:03 | Variasi: 1 Bulan,,k1_5txiouw2024-10-18 11:03 | Variasi: 1 Bulantidak memberikan solusi1Laporkan Penyalahgunaan
syifasyauqiyah_15,2024-11-02 12:10 | Variasi: 1 Bulan,,syifasyauqiyah_152024-11-02 12:10 | Variasi: 1 Bulangabisa di gunain untuk scan fotoMembantu?Laporkan Penyalahgunaan
,2024-11-05 18:47 | Variasi: 1 Bulan,,r*****22024-11-05 18:47 | Variasi: 1 Bulanbukan gpt asliMembantu?Laporkan Penyalahgunaan
fatchyb,2024-09-24 12:58 | Variasi: 1 Bulan,,"fatchyb2024-09-24 12:58 | Variasi: 1 BulanFungsi: ga berfungsiDesain: -Penggunaan: ga gunagabisa dipake gausah beli, mana penjual bales nya singkat banget kayak ga niat ngejual. intinya produknya gabisa dipake samsek& penjual ga ngasih solusi1Laporkan Penyalahgunaan"
,2024-06-12 17:47 | Variasi: 3 Bulan,,"w*****l2024-06-12 17:47 | Variasi: 3 BulanFungsi: susahDesain: susahPenggunaan: susahSusah banget hubungin adminnya. Mau login harus nunggu adminnya online. Bisa 2-7 jam. Trs kalau tbtb ke log out, chat adminnya lg harus nilai dulu pake bintang 5 biar dapet garansi buat login lagi. Hadeeh ribet banget mending beli di officialnya aja guys! Semoga membantuUpdate PenilaianMau dihapus guys penilaiannya. Takut ketauan jeleknya. Semoga pembeli pd sadar yaaaaa🙏🏻🙏🏻🙏🏻🙏🏻🙏🏻🙏🏻3Laporkan Penyalahgunaan"
chonisa08,2024-05-24 13:18 | Variasi: 1 Bulan,,"chonisa082024-05-24 13:18 | Variasi: 1 BulanFungsi: tidak berfungsi dg baikSusah bgt makenya. Masa dikirimnya yg vers hangeul sih. Mana ps di execute hasilnya gasesuai. Pesen 2hr yg lalu, awalnya udh di ksih email, tp hrs minta kode dulu. Mau minta kode balesannya lama bgtttt. Trus dikasih lg, dpt nya email yg salah. Dan yg terakhir yg ini, dikasihnya yg hangeul. Aduhhh gabener deh. Rugi waktu rugi uang😂 0:11Update PenilaianJarak waktunya lama bgttttt. Abis ngechat aku nubgguin satu jam pun ada1Laporkan Penyalahgunaan"
jacklaw9,2023-11-09 04:31 | Variasi: Lifetime,,"jacklaw92023-11-09 04:31 | Variasi: LifetimeSepadan dengan Harga: Maaf tak sepadanFitur Terbaik: Tidak adaSedang proses pelaporan ke polisi untuk akun ini. Bagi yang merasa tertipu juga, silahkan DM saya, dan ikut bersaksi untuk memproses pemilik akun ini.16Laporkan Penyalahgunaan"
,2023-11-22 04:26 | Variasi: Lifetime,,"v*****a2023-11-22 04:26 | Variasi: LifetimePesen yang lifetime tapi 1 bln aja udah gabisa di pake. Di log out & penjual tidak responsif.

Chat gpt premium cuma bisa dipake sometimes, biasa pake sekali udh kena limit2Laporkan Penyalahgunaan"
ayuhrj,2024-11-09 23:29 | Variasi: 1 Bulan,,"ayuhrj2024-11-09 23:29 | Variasi: 1 BulanFungsi: ngelek mulu, sebellMembantu?Laporkan Penyalahgunaan"
ntnaels,2023-10-07 13:21 | Variasi: 1 Bulan,,ntnaels2023-10-07 13:21 | Variasi: 1 Bulanrespon penjual:***Penilaian Penjual telah disembunyikan karena mengandung konten yang kurang pantas***4Laporkan Penyalahgunaan
chichaturito03,2024-10-26 15:39 | Variasi: 1 Bulan,,chichaturito032024-10-26 15:39 | Variasi: 1 BulanMembantu?Laporkan Penyalahgunaan
,2024-11-09 08:16 | Variasi: 1 Bulan,,s*****a2024-11-09 08:16 | Variasi: 1 BulanMembantu?Laporkan Penyalahgunaan
trisucisandrikaaa,2024-10-14 18:14 | Variasi: 3 Bulan,,trisucisandrikaaa2024-10-14 18:14 | Variasi: 3 Bulan1Laporkan Penyalahgunaan
sastati,2024-01-17 00:31 | Variasi: 1 Bulan,,sastati2024-01-17 00:31 | Variasi: 1 BulanMembantu?Laporkan Penyalahgunaan
bukigelar,2024-02-11 10:16 | Variasi: 1 Bulan,,bukigelar2024-02-11 10:16 | Variasi: 1 BulanMembantu?Laporkan Penyalahgunaan
opetheimer_,2024-11-03 02:48 | Variasi: 1 Bulan,,opetheimer_2024-11-03 02:48 | Variasi: 1 BulanMembantu?Laporkan Penyalahgunaan
ultramann123,2024-11-06 10:25 | Variasi: 1 Bulan,,ultramann1232024-11-06 10:25 | Variasi: 1 BulanMembantu?Laporkan Penyalahgunaan
medira_shop,2024-02-25 06:52 | Variasi: 3 Bulan,,medira_shop2024-02-25 06:52 | Variasi: 3 BulanMembantu?Laporkan Penyalahgunaan
ademuliya273,2024-02-27 05:59 | Variasi: 1 Bulan,,ademuliya2732024-02-27 05:59 | Variasi: 1 BulanMembantu?Laporkan Penyalahgunaan
shalsasafa,2024-09-13 22:35 | Variasi: 1 Bulan,,shalsasafa2024-09-13 22:35 | Variasi: 1 BulanMembantu?Laporkan Penyalahgunaan
rayhanrabbi1216,2024-10-23 17:14 | Variasi: 1 Bulan,,rayhanrabbi12162024-10-23 17:14 | Variasi: 1 BulanMembantu?Laporkan Penyalahgunaan
knuckleburn,2024-11-06 18:12 | Variasi: 1 Bulan,,knuckleburn2024-11-06 18:12 | Variasi: 1 BulanMembantu?Laporkan Penyalahgunaan